category,date,duration,id,title_en,title_zh,subtitles,url
public_chinese_only,2026-08-24,9:12,d2_S_8467Xo,State Banquet Master · Tangshan Sichuan-peppercorn pork,【國宴大師•唐山花椒肉】誰能拒絕一片入口即化的扣肉！肥而不膩，瘦而不柴，全是滿足感～| 老飯骨,,https://www.youtube.com/watch?v=d2_S_8467Xo
public_chinese_only,2026-08-17,8:01,6pWP6cy8BZI,State Banquet Master · Yangzhou fried rice,【國宴大師•揚州炒飯】炒得蹦起來！每一粒米飯都裹上蛋黃，色澤金黃誘人，太有食慾了～ | 老飯骨,,https://www.youtube.com/watch?v=6pWP6cy8BZI
public_chinese_only,2026-08-14,7:38,luQ9ykesDDs,State Banquet Master · Three-color steamed eggs,【國宴大師•三色彩蛋】五彩繽紛的小涼菜！三種蛋完美結合，色彩漂亮味道好，老人小孩都愛～| 老飯骨,,https://www.youtube.com/watch?v=luQ9ykesDDs
public_chinese_only,2026-08-11,8:14,1fPsrbj94b8,State Banquet Master · Yellow-chive shredded-pork pan-fried noodles,【國宴大師•韭黃肉絲煎面】一道很簡單的家常面！有葷有素全都有，煎得焦香松脆，一口下去嘎吱響～| 老飯骨,,https://www.youtube.com/watch?v=1fPsrbj94b8
public_chinese_only,2026-08-07,9:51,4yTcKc_nIIA,State Banquet Master · Shandong lion's-head meatballs,【國宴大師•山東獅子頭】肉香四溢，綿軟潤滑！老魯菜的講究，很多人第一步就做錯！| 老飯骨,,https://www.youtube.com/watch?v=4yTcKc_nIIA
public_chinese_only,2026-08-05,9:33,-Ar32umP72Q,State Banquet Master · Shandong chicken with braised noodles,【國宴大師•山東炒雞燜面】輕鬆一鍋出！麵條吸滿湯汁，雞肉焦香入味，真的炒雞好吃～,,https://www.youtube.com/watch?v=-Ar32umP72Q
public_chinese_only,2026-08-02,9:39,miaFhg4L2DM,State Banquet Master · Eyebrow meatball sea cucumber,【國宴大師•眉丸海參】還原70年代的大菜！形似眉毛的肉丸子，酥酥軟軟，鮮香濃郁～| 老飯骨,,https://www.youtube.com/watch?v=miaFhg4L2DM
public_chinese_only,2026-07-31,7:08,3rDj7_x0bNc,State Banquet Master · Scallion-braised tendon,【國宴大師•蔥燒蹄筋】用舌頭一抿，軟糯入味太過癮了！蔥香味濃，好吃得停不下筷子～| 老飯骨,,https://www.youtube.com/watch?v=3rDj7_x0bNc
public_chinese_only,2026-07-29,11:38,2AekUU8CL8w,State Banquet Master · Sachima,【國宴大師•沙琪瑪】3.0版黃金配比！明黃透亮，入口即化，吃起來有蛋香還有橘子香～| 老飯骨,,https://www.youtube.com/watch?v=2AekUU8CL8w
public_chinese_only,2026-07-27,6:16,NMjHbnz6hUo,State Banquet Master · Crispy roast-duck rolls,【國宴大師•脆皮爐鴨卷】比烤鴨賣得還快？薄皮脆到掉渣，咬下去還會爆汁，來北京必吃！| 老飯骨,,https://www.youtube.com/watch?v=NMjHbnz6hUo
public_chinese_only,2026-07-24,9:38,Uw59xWl7njI,State Banquet Master · Casserole lamb head,【國宴大師•砂鍋羊頭】北京老字號里最「上頭」的一鍋湯，鴻賓樓鎮店神菜！排隊就為這一口～| 老飯骨,,https://www.youtube.com/watch?v=Uw59xWl7njI
public_chinese_only,2026-07-22,11:30,f6dYJkF34Qk,State Banquet Master · Ox-tongue pastry,【國宴大師•牛舌餅】超好吃的經典老式點心！外酥里軟，芝麻香濃，跟著步驟走，廚房小白也能成～| 老飯骨,,https://www.youtube.com/watch?v=f6dYJkF34Qk
public_chinese_only,2026-07-20,5:51,atBeiY1nHGc,State Banquet Master · Zhajiangmian,【國宴大師•炸醬面】于老師版本！不用加水不用澥醬，20分鐘就能出鍋，醬裹肉丁太香了～| 老飯骨,,https://www.youtube.com/watch?v=atBeiY1nHGc
public_chinese_only,2026-07-17,9:02,9aq1JX7orbo,State Banquet Master · Scallion pancakes,【國宴大師•蔥花餅】山西面點大師公開黃金配比！外酥里軟，蔥香十足，涼了比麵包還軟～| 老飯骨,,https://www.youtube.com/watch?v=9aq1JX7orbo
public_chinese_only,2026-07-14,10:25,SpoFxXHZ_Gs,State Banquet Master · Kung pao beef ribs,【國宴大師•宮保牛肋】牛肉這樣做太香了！嚴格按照這個比例調汁，一點問題都沒有～| 老飯骨,,https://www.youtube.com/watch?v=SpoFxXHZ_Gs
public_chinese_only,2026-07-10,10:00,8muCGRCJ4FU,State Banquet Master · Fried chicken drumsticks,【國宴大師•炸雞腿】迷你版手槍腿！外酥里嫩，汁水充足，在家輕鬆搞定！| 老飯骨,,https://www.youtube.com/watch?v=8muCGRCJ4FU
public_chinese_only,2026-07-08,13:48,DmAmTIHuOxE,State Banquet Master · Knife-cut noodles,【國宴大師•刀削麵】在山西，必須跌一碗過油肉刀削麵，這碗面的含金量不必多說～| 老飯骨,,https://www.youtube.com/watch?v=DmAmTIHuOxE
public_chinese_only,2026-07-06,9:53,u2wd3dJfypI,State Banquet Master · Spicy three-sauce claypot,【國宴大師•辣味三汁燜鍋】不用出門就能吃到的飯店同款！想放什麼食材都可以，菜肉一鍋出，省事又解饞～| 老飯骨,,https://www.youtube.com/watch?v=u2wd3dJfypI
public_chinese_only,2026-07-02,7:03,T_L6-I8EkKE,State Banquet Master · Yellow-braised chicken,【國宴大師•黃燜雞】50年前的老式做法，紅潤酥爛超下飯！最大程度保留食材本味～| 老飯骨,,https://www.youtube.com/watch?v=T_L6-I8EkKE
public_chinese_only,2026-07-01,8:31,xoVNPMH9XaY,State Banquet Master · Uncle Meng's fried sauce,【國宴大師•萌叔炸醬】炸醬麵真的有100種做法？更簡單的牛肉餡版！不膩口，更清爽，夏天吃正好～ | 老飯骨,,https://www.youtube.com/watch?v=xoVNPMH9XaY
public_chinese_only,2026-06-29,6:00,h8gDb03RqLU,State Banquet Master · Crispy fragrant beef,【國宴大師•香酥牛肉】外殼酥脆掉渣，內里嫩滑爆汁，做法不複雜，看完你也能端上桌～ | 老飯骨,,https://www.youtube.com/watch?v=h8gDb03RqLU
public_chinese_only,2026-06-23,5:57,JqzoSyFrpvg,State Banquet Master · Crab roe on youtiao,【國宴大師•蟹粉拌油條】現炒的蟹粉，鮮到眉毛都要掉了！經典上海味道，金黃流油超誘人～| 老飯骨,,https://www.youtube.com/watch?v=JqzoSyFrpvg
public_chinese_only,2026-06-17,9:00,H04HCPgQwPM,State Banquet Master · Shrimp-soup tofu-skin rolls,【國宴大師•蝦湯包燒黃漿】豆腐皮配上肉餡，鮮的不得了，誰吃誰知道！在家也能做出五星本幫味～| 老飯骨,,https://www.youtube.com/watch?v=H04HCPgQwPM
public_chinese_only,2026-06-14,6:44,KR4ikcdPuKM,State Banquet Master · How to wrap zongzi,【國宴大師•包粽子】第一人稱視角教學！廚房小白也能輕鬆學會，豆沙餡和紅棗餡，你喜歡哪個～| 老飯骨,,https://www.youtube.com/watch?v=KR4ikcdPuKM
public_chinese_only,2026-06-12,10:08,yCaNRoPY65w,State Banquet Master · Zhajiangmian,【國宴大師•炸醬麵】二伯用最拿手的炸醬，迎接最敬重的客人李亞鵬！一起嗦面囉～| 老飯骨,,https://www.youtube.com/watch?v=yCaNRoPY65w
public_chinese_only,2026-06-09,9:58,_jVzrTLbYVo,State Banquet Master · Kumquat slow-fire pork chops,【國宴大師•金桔文火肉排】給普京做飯的女人來了！果香解膩，軟糯脫骨，吃完都說好～| 老飯骨,,https://www.youtube.com/watch?v=_jVzrTLbYVo
public_chinese_only,2026-06-08,6:31,6jUbFnJN7gw,State Banquet Master · Chicken-fat braised tofu,【國宴大師•雞油燒豆腐】這菜夯爆了！成本只需要十幾塊，做出金閃閃的豆腐！簡單易學，鮮味十足 | 老飯骨,,https://www.youtube.com/watch?v=6jUbFnJN7gw
public_chinese_only,2026-06-02,16:35,0AI8MTpsDqs,State Banquet Master · Pan-seared Chilean sea bass with avocado,【國宴大師•牛油果香煎銀鱈魚】國宴「頭菜」原來長這樣？教你在家做出同款！看完能學到真本事～| 老飯骨,,https://www.youtube.com/watch?v=0AI8MTpsDqs
public_chinese_only,2026-05-31,6:09,5dm31LJnXmk,State Banquet Master · Fresh-bamboo steamed silky chicken,【國宴大師•鮮筍蒸滑雞】这道菜要用勺子吃，嫩到筷子根本夹不住！简单好做，清淡可口～| 老飯骨,,https://www.youtube.com/watch?v=5dm31LJnXmk
public_chinese_only,2026-05-29,5:48,j2d0ZWCTGoI,State Banquet Master · Sauce-fried diced chicken,【國宴大師•醬爆雞丁】力挺傳統菜！自始至終都要用旺火，爆炒1分鐘，鮮嫩醬香鍋氣十足～ | 老飯骨,,https://www.youtube.com/watch?v=j2d0ZWCTGoI
public_chinese_only,2026-05-27,5:36,3eeIz7PoRRw,State Banquet Master · Lamb dumplings,【國宴大師•羊肉餃子】一咬爆汁！只需要幾種簡單的調料，在家做出來比飯店還香～| 老飯骨,,https://www.youtube.com/watch?v=3eeIz7PoRRw
public_chinese_only,2026-05-25,7:35,duk8IOYzz5I,State Banquet Master · Sweet-and-sour fish strips,【國宴大師•糖醋魚條】柔和清新甜酸味，專治沒胃口！外酥里嫩，明汁亮芡，上桌大家都愛吃～| 老飯骨,,https://www.youtube.com/watch?v=duk8IOYzz5I
public_chinese_only,2026-05-24,5:53,m2eickygBH8,State Banquet Master · Iron-pot stewed goose,【國宴大師•鐵鍋燉大鵝】東北硬菜之王！燉到骨酥肉爛，再貼一圈玉米餅，開蓋滿屋飄香～| 老飯骨,,https://www.youtube.com/watch?v=m2eickygBH8
public_chinese_only,2026-05-21,8:02,aAb5mhGWH6I,State Banquet Master · Longjiang pig-trotter rice,【國宴大師•隆江豬腳飯】每一口都是滿滿的膠原蛋白和幸福感，香到靈魂出竅！學會可以開店～| 老飯骨,,https://www.youtube.com/watch?v=aAb5mhGWH6I
public_chinese_only,2026-05-20,4:59,-G8BXjnh0_o,State Banquet Master · Stir-fried ma doufu,【國宴大師•炒麻豆腐】固體版本的豆汁？來北京必吃，它算一個！搭配雪裡蕻和青豆，越嚼越上頭～,,https://www.youtube.com/watch?v=-G8BXjnh0_o
public_chinese_only,2026-05-18,4:07,NrD65NBya4c,State Banquet Master · Vinegar-fried gezhi,【國宴大師•醋溜咯吱】經典唐山小吃！軟糯滑嫩，酸香開胃，一口就忘不掉～| 老飯骨,,https://www.youtube.com/watch?v=NrD65NBya4c
public_chinese_only,2026-05-12,8:36,jGAzWQBkxqc,State Banquet Master · Crisp-fried pork slices in sauce,【國宴大師•焦溜肉片】還原70年代萃華樓老味道！教你炸萬能的蔥椒油，淋在肉片上，味道太香～| 老飯骨,,https://www.youtube.com/watch?v=jGAzWQBkxqc
public_chinese_only,2026-05-07,4:33,wTkljA5JyA8,State Banquet Master · Braised two winters (bamboo and mushroom),【國宴大師•燒二冬】冬筍和冬菇一起燒，把普通食材做到極致，看著就舒服！| 老飯骨,,https://www.youtube.com/watch?v=wTkljA5JyA8
public_chinese_only,2026-05-05,4:44,ReAvirkmqfM,Should you add water mid-stir-fry? How to handle frozen meat? 14 Q&As,炒菜中途要加水嗎？凍肉怎麼處理？14個答疑解惑小技巧，總有一個是你需要的！| 老飯骨,,https://www.youtube.com/watch?v=ReAvirkmqfM
public_chinese_only,2026-04-29,7:32,6W_XNhPCr00,State Banquet Master · Blood-clam claypot rice,【國宴大師•毛蚶子燜米飯】教你在家燜一鍋油滋滋的鍋巴飯！料汁精確到克，新手也能一次成功～| 老飯骨,,https://www.youtube.com/watch?v=6W_XNhPCr00
public_chinese_only,2026-04-26,5:25,sXZrQKs0zkg,State Banquet Master · Pan-collapsed tofu,【國宴大師•鍋塌豆腐】豆腐居然能煎成一張餅？鮮嫩又焦香，加點蔥姜絲提味，比肉還好吃！| 老飯骨,,https://www.youtube.com/watch?v=sXZrQKs0zkg
public_chinese_only,2026-04-24,10:23,M6KfBYxoaXs,State Banquet Master · Yu-xiang duck squares,【國宴大師•魚香鴨方】用小勺教你調魚香汁！薄薄一層脆皮，肥瘦相間的鴨肉，能吃到脂肪的香味～｜老飯骨,,https://www.youtube.com/watch?v=M6KfBYxoaXs
public_chinese_only,2026-04-22,12:55,ik6oaQ_VwLg,State Banquet Master · Toon stinky pies,【國宴大師•香椿臭餡餅】皮蛋+香椿？聽名字是黑暗料理，咬下去是真香，這味道真上頭～| 老飯骨,,https://www.youtube.com/watch?v=ik6oaQ_VwLg
public_chinese_only,2026-04-17,10:42,3v8Y4DNXg4M,State Banquet Master · Huadiao chicken,【國宴大師•花雕雞】一口下去，整個人都陶醉了！嫩滑多汁，酒香十足，不愧是鎮店神菜～｜老飯骨,,https://www.youtube.com/watch?v=3v8Y4DNXg4M
public_chinese_only,2026-04-15,9:29,DktfzWvagCA,State Banquet Master · Jingzhou stir-fried chicken mixed noodles,【國宴大師•荊州炒雞拌面】澆一勺湯汁，再配上雞肉，這碗面讓你吃到滿足吃到爽！| 老飯骨,,https://www.youtube.com/watch?v=DktfzWvagCA
public_chinese_only,2026-04-12,10:09,132oRT7o918,State Banquet Master · Zhajiangmian,【國宴大師•炸醬麵】每一勺都有大塊肉丁，滿屋子都是香味！這碗面我先嗦為敬～｜老飯骨,,https://www.youtube.com/watch?v=132oRT7o918
public_chinese_only,2026-04-09,9:44,1xNAUaDDCGU,State Banquet Master · Sweet-and-sour spare ribs,【國宴大師•糖醋排骨】酸酸甜甜脆脆，吃完連手指頭都得嗦三遍！一口就回味無窮～｜老飯骨,,https://www.youtube.com/watch?v=1xNAUaDDCGU
public_chinese_only,2026-04-07,9:20,Gs-3EIYsG0w,State Banquet Master · Cumin lamb,【國宴大師•孜然羊肉】邀請粉絲來廚房！外焦裡嫩，滿口孜然香，關鍵是特別好做～| 老飯骨,,https://www.youtube.com/watch?v=Gs-3EIYsG0w
public_chinese_only,2026-04-02,8:42,U34_ZqrSrMc,State Banquet Master · Claypot collapsed rice,【國宴大師•塌鍋飯】杜師娘來啦！最愛吃的豆角燜飯，懶人一鍋出，肉菜飯全齊了～| 老飯骨,,https://www.youtube.com/watch?v=U34_ZqrSrMc
public_chinese_only,2026-03-31,9:36,osRx9baGP3U,State Banquet Master · Meat pie,【國宴大師•肉餅】皮薄餡大，咬一口滋滋冒油，比外面買的香多了～| 老飯骨,,https://www.youtube.com/watch?v=osRx9baGP3U
public_chinese_only,2026-03-29,5:54,CEU-vmpq9sc,State Banquet Master · 18-second stir-fried pork jowl,【國宴大師•十八秒爆炒吊龍】今天晚飯就它了！猛火快炒，原汁原味，又嫩又香特別下飯～,,https://www.youtube.com/watch?v=CEU-vmpq9sc
public_chinese_only,2026-03-27,5:14,9qC2H2iptnY,State Banquet Master · Kale tempura,【國宴大師•羽衣甘藍天婦羅】一口愛上！家庭版的脆皮糊配方，不只天婦羅，炸什麼都好吃～| 老飯骨,,https://www.youtube.com/watch?v=9qC2H2iptnY
public_chinese_only,2026-03-25,8:13,R1_NH17L6oI,State Banquet Master · Kale salad,【國宴大師•羽衣甘藍沙拉】5分鐘完成，關鍵在調汁！食材簡單色彩豐富，滿滿都是食慾～| 老飯骨,,https://www.youtube.com/watch?v=R1_NH17L6oI
public_chinese_only,2026-03-22,4:47,19CjUyxZVgM,State Banquet Master · Mapo tofu,【國宴大師•麻婆豆腐】顛覆傳統做法！店裡點單王Top1，萌主祕訣大公開，回家都能輕鬆復刻～| 老飯骨,,https://www.youtube.com/watch?v=19CjUyxZVgM
public_chinese_only,2026-03-20,5:52,0QPQU4HoKwM,State Banquet Master · Kale,【國宴大師•羽衣甘藍】還能蒸著吃？火候恰到好處，再蘸上辣汁，比肉還香～| 老飯骨,,https://www.youtube.com/watch?v=0QPQU4HoKwM
public_chinese_only,2026-03-17,8:04,DtDAhEM1oYM,State Banquet Master · Spring happy soup,【國宴大師•春天開心湯】京城四大名醫的方子，愛熬夜就喝這碗湯！牛肉軟爛湯鮮美～| 老飯骨,,https://www.youtube.com/watch?v=DtDAhEM1oYM
public_chinese_only,2026-03-13,9:27,sxiERyeMj4M,State Banquet Master · Pan-fried then tossed prawns,【國宴大師•煎烹大蝦】大蝦只會油燜？試試天津經典做法，殼脆肉嫩滿口香！一盤根本不夠吃～| 老飯骨,,https://www.youtube.com/watch?v=sxiERyeMj4M
public_chinese_only,2026-03-10,12:25,6Pf7LaLRSVY,State Banquet Master · Xinjiang pilaf,【國宴大師•新疆抓飯】30年新疆師傅的正宗抓飯，教你在家輕鬆搞定！米粒顆顆分明，越嚼越香～| 老飯骨,,https://www.youtube.com/watch?v=6Pf7LaLRSVY
public_chinese_only,2026-03-05,10:47,j18rk5LSV7k,State Banquet Master · Shacha tangerine-peel beef ribs,【國宴大師•沙茶陳皮燒牛肋】做這道菜，記得買肥瘦相間的牛肉！肉香濃郁汁水足，簡直吃不夠～| 老飯骨,,https://www.youtube.com/watch?v=j18rk5LSV7k
public_chinese_only,2026-03-03,8:06,9Pm3-wnf2w4,State Banquet Master · Yantai fried noodles,【國宴大師•煙台炒麵】70年代經典做法，先炸後炒！吃進嘴裡特別滑潤，再喝碗清湯，味道絕了～| 老飯骨,,https://www.youtube.com/watch?v=9Pm3-wnf2w4
public_chinese_only,2026-03-02,5:27,sOs56X24q5U,State Banquet Master · Golden-garlic pan-tossed beef cubes,【國宴大師•金蒜煎烹牛柳粒】就兩種食材！一烹一炒出鍋，在家也能輕鬆搞定～| 老飯骨,,https://www.youtube.com/watch?v=sOs56X24q5U
public_chinese_only,2026-02-27,4:32,0qTgvM4wgG4,State Banquet Master · Sizzling salmon head (je je),【國宴大師•啫啫三文魚頭】魚頭焗到外焦里嫩，魚臉肉滑嘟嘟，蒜粒都搶著吃～| 老飯骨,,https://www.youtube.com/watch?v=0qTgvM4wgG4
public_chinese_only,2026-02-25,7:04,ujZX5rtyiaw,State Banquet Master · Mango-milk shrimp,【國宴大師•芒奶蝦】最簡單的炸大蝦！酸酸甜甜外脆里嫩，吃起來嘴裡像喝了果汁～| 老飯骨,,https://www.youtube.com/watch?v=ujZX5rtyiaw
public_chinese_only,2026-02-21,10:45,Ag4NWzOX9sA,Chef Ma Zhihe's lineage sharing session — New Year greetings,馬志和老師的師門傳承分享會，祝大家新春策馬，一路繁花！| 老飯骨,,https://www.youtube.com/watch?v=Ag4NWzOX9sA
public_chinese_only,2026-02-18,9:39,mZJi4-lPBOM,State Banquet Master · Ginseng old-hen soup,【國宴大師•人參老雞湯】香味撲鼻！春節養生滋補，喝兩口就冒汗，一碗湯喝出春夏秋冬～| 老飯骨,,https://www.youtube.com/watch?v=mZJi4-lPBOM
public_chinese_only,2026-02-16,1:52,kW7TntiWw7g,Happy New Year to all the little FanGu,所有的小飯骨們，新年快樂，闔家辛福！| 老飯骨,,https://www.youtube.com/watch?v=kW7TntiWw7g
public_chinese_only,2026-02-14,11:04,_Hi22W8GDFQ,State Banquet Master · Minced-pork sea cucumber,【國宴大師•臊子海參】為了復刻這道菜，胡老師把家裡的茅台帶來了！入味深透，由表及裡，口感特別好～| 老飯骨,,https://www.youtube.com/watch?v=_Hi22W8GDFQ
public_chinese_only,2026-02-12,11:30,4uyNshu8SUo,State Banquet Master · Chestnut roast chicken,【國宴大師•栗子燒雞】可以在家輕鬆搞定的年夜飯！做起來沒什麼難度，吃起來又香又甜，一口淪陷～| 老飯骨,,https://www.youtube.com/watch?v=4uyNshu8SUo
public_chinese_only,2026-02-10,8:38,segJRyG6-oM,State Banquet Master · Braised cabbage rolls,【國宴大師•扒白菜卷】一顆白菜，一碗肉餡，教你做年夜飯最受歡迎的清爽菜，清甜不膩～| 老飯骨,,https://www.youtube.com/watch?v=segJRyG6-oM
public_chinese_only,2026-02-08,14:11,pPD7cac9moY,"New Year's Eve emergencies: reheating the finale, rescuing over-steamed fish",年夜飯十萬個怎麼辦？壓軸菜涼了咋加熱？魚蒸老了怎麼救？硬核解答來了！| 老飯骨,,https://www.youtube.com/watch?v=pPD7cac9moY
public_chinese_only,2026-02-07,10:26,RFMr4FkfJfA,State Banquet Master · Pan-collapsed lamb,【國宴大師•鍋塌羊肉】記住「先煎後燜」這四字訣！香嫩爽滑，一口吃透兩層功夫～| 老飯骨,,https://www.youtube.com/watch?v=RFMr4FkfJfA
public_chinese_only,2026-02-03,8:53,crztJ2WgYgc,State Banquet Master · Douban chili shredded pork,【國宴大師•豆椒肉絲】今晚下飯菜就吃它！肉絲嫩、椒絲脆、豆腐絲軟，快手好炒味道絕～| 老飯骨,,https://www.youtube.com/watch?v=crztJ2WgYgc
public_chinese_only,2026-02-01,8:56,C6qzKrbKUX8,State Banquet Master · Eight-treasure rice,【國宴大師•八寶飯】甜甜蜜蜜迎接春節！年夜飯桌上必有的一道菜，澆上蜜汁太漂亮啦～| 老飯骨,,https://www.youtube.com/watch?v=C6qzKrbKUX8
public_chinese_only,2026-01-29,10:04,CwXtVakrS3o,State Banquet Master · Shandong stir-fried chicken,【國宴大師•山東炒雞】簡單家常下飯菜！雞肉乾香，醬汁濃郁，懶人也能輕鬆學會～| 老飯骨,,https://www.youtube.com/watch?v=CwXtVakrS3o
public_chinese_only,2026-01-28,9:07,vJlF-PzDrDw,State Banquet Master · Dried-apricot braised tendon,【國宴大師•杏乾燒蹄筋】晶瑩剔透，酸甜可口！年夜飯解膩神器，咬下去滿嘴都是驚喜～| 老飯骨,,https://www.youtube.com/watch?v=vJlF-PzDrDw
public_chinese_only,2026-01-25,10:40,MIvn57ENxvU,State Banquet Master · Jiaodong smoked chicken,【國宴大師•膠東熏雞】不用油炸也很好吃！肉絲根根入味，用手撕着吃才过瘾～| 老飯骨,,https://www.youtube.com/watch?v=MIvn57ENxvU
public_chinese_only,2026-01-23,13:41,BPXb0zasmXU,State Banquet Master · Red-braised sole,【國宴大師•紅燒鰨目魚】老師傅的傳統天津菜！淋上花椒油，那叫一個香～年夜飯大菜就吃它 | 老飯骨,,https://www.youtube.com/watch?v=BPXb0zasmXU
public_chinese_only,2026-01-20,7:45,7Phf1_eG_oQ,State Banquet Master · Soybean pig trotters,【國宴大師•黃豆燜豬蹄】又香又糯吸滿湯汁！熱著吃下飯，涼著啃下酒，滿嘴膠質巨過癮～| 老飯骨,,https://www.youtube.com/watch?v=7Phf1_eG_oQ
public_chinese_only,2026-01-19,4:43,PW7Rp9t6ITg,State Banquet Master · Phoenix-tail prawns with sizzling glass noodles,【國宴大師•鳳尾蝦啫粉絲】一把粉絲，一斤蝦，在家輕鬆搞定經典粵菜！老菜老味，簡單高級～| 老飯骨,,https://www.youtube.com/watch?v=PW7Rp9t6ITg
public_chinese_only,2026-01-15,12:56,I-NO5JNDm6U,State Banquet Master · Sea-bass lion's-head meatballs,【國宴大師•鱸魚獅子頭】白鮮嫩滑爽彈，誰吃了都說舒服！家庭版簡單做法，看完就學會～| 老飯骨,,https://www.youtube.com/watch?v=I-NO5JNDm6U
public_chinese_only,2026-01-14,13:30,R7_eu024Wm8,State Banquet Master · Shang su ling pastry,【國宴大師•尚酥令】一口得令，吃點心囉！一次教會你2種餡料做法，好吃好看還好玩～ | 老飯骨,,https://www.youtube.com/watch?v=R7_eu024Wm8
public_chinese_only,2026-01-11,10:12,X_dRuCDdpjY,State Banquet Master · Kung pao shrimp balls,【國宴大師•宮保蝦球】用最簡單的原料，做出最好吃的蝦球！經典糊辣荔枝味，一口下去超滿足～| 老飯骨,,https://www.youtube.com/watch?v=X_dRuCDdpjY
public_chinese_only,2026-01-08,13:11,SPU2PzNTNLk,State Banquet Master · Red-braised turtle skirt,【國宴大師•紅燒裙邊】老菜譜裡的硬菜，工夫全在細節上！軟糯入味，明汁亮芡～ | 老飯骨,,https://www.youtube.com/watch?v=SPU2PzNTNLk
public_chinese_only,2026-01-07,8:27,p10-LFulik4,State Banquet Master · Home-style huangjiu chicken stew,【國宴大師•家常黃酒燉雞】滿屋都是醉人香！雞肉燉到酥爛，連骨頭都入味～| 老飯骨,,https://www.youtube.com/watch?v=p10-LFulik4
public_chinese_only,2026-01-04,3:27,3oSqCSpzupI,State Banquet Master · Spicy coin eggs,【國宴大師•香辣金錢蛋】愛吃雞蛋的人一定要學！先炸後炒，淋上紅油，麻辣下飯太香了～| 老飯骨,,https://www.youtube.com/watch?v=3oSqCSpzupI
public_chinese_only,2025-12-31,5:55,R3zGRMH88PY,Making dumplings with the neighbors — Happy New Year,和社區鄰居們一起包餃子啦！祝大家新年快樂，五福臨門！ | 老飯骨,,https://www.youtube.com/watch?v=R3zGRMH88PY
public_chinese_only,2025-12-30,12:42,3Evpw4PPhNU,State Banquet Master · Roujiamo,【國宴大師•肉夾饃】這一口下去的滿足，誰懂啊！吃到嘴裡肉香四溢，簡直太解饞～| 老飯骨,,https://www.youtube.com/watch?v=3Evpw4PPhNU
public_chinese_only,2025-12-28,6:31,tRcf-Zw4qnw,State Banquet Master · Supreme soy sauce fried noodles,【國宴大師•豉油皇炒麵】盤底不能有油！先煎後炒，焦香入味，在家做出大排檔經典味道～| 老飯骨,,https://www.youtube.com/watch?v=tRcf-Zw4qnw
public_chinese_only,2025-12-27,11:06,T7qONDNQ7WQ,State Banquet Master · Scallion-oil pancakes,【國宴大師•蔥油餅】吃大餅啦！一次教你兩種蔥花餅做法，千層做法看一遍就會 | 老飯骨,,https://www.youtube.com/watch?v=T7qONDNQ7WQ
public_chinese_only,2025-12-23,6:50,hIOHFSY0Ycw,State Banquet Master · Dough-drop soup,【國宴大師•疙瘩湯】童年回憶到底有多香？配上香濃絲滑的番茄湯底，喝一碗特別舒服～| 老飯骨,,https://www.youtube.com/watch?v=hIOHFSY0Ycw
public_chinese_only,2025-12-21,3:45,0BIvuHIY_iw,State Banquet Master · High-heat pork liver,【國宴大師•猛火豬肝】5分鐘就能搞定的下飯菜！不滑油不焯水，鍋氣十足，做法特別簡單！| 老飯骨,,https://www.youtube.com/watch?v=0BIvuHIY_iw
public_chinese_only,2025-12-19,11:30,Xl24OLyhKVw,State Banquet Master · Flash-fried three meats,【國宴大師•爆三樣】經典清真老菜，關鍵在於「爆」！對廚師要求極高，吃的就是一個嫩滑！| 老飯骨,,https://www.youtube.com/watch?v=Xl24OLyhKVw
public_chinese_only,2025-12-16,11:21,8ZyFbQDmLG8,State Banquet Master · Black-sesame sweet flower rolls,【國宴大師•黑麻醬糖花卷】有紅糖和芝麻醬的香甜，還有黑豆的香氣！層次分明，鬆軟到心裡～| 老飯骨,,https://www.youtube.com/watch?v=8ZyFbQDmLG8
public_chinese_only,2025-12-09,10:51,6RGMMW49RE8,State Banquet Master · Ji li beng,【國宴大師•雞裡蹦】白裡透紅！青蝦仁配上雞胸肉，這道老菜就兩個字：漂亮！| 老飯骨,,https://www.youtube.com/watch?v=6RGMMW49RE8
public_chinese_only,2025-12-07,7:14,Hm6eVAqJQvs,State Banquet Master · Sour-soup fish,【國宴大師•酸湯魚】酸爽的味道，讓你胃口大開！魚肉夠嫩，連湯帶肉能吃三碗飯～| 老飯骨,,https://www.youtube.com/watch?v=Hm6eVAqJQvs
public_chinese_only,2025-12-04,4:08,_Hc6D3Qsp8U,State Banquet Master · Salt-baked abalone,【國宴大師•鹽焗鮑魚】一锅搞定金獎級鲍鱼！原汁原味超爽滑，出鍋瞬間太饞了～| 老飯骨,,https://www.youtube.com/watch?v=_Hc6D3Qsp8U
public_chinese_only,2025-12-03,10:39,MJZZlFUW7dA,State Banquet Master · Walnut tofu,【國宴大師•胡桃豆腐】胡桃生老師做胡桃豆腐！1977年的一道老菜，味道豐富，造型精緻～| 老飯骨,,https://www.youtube.com/watch?v=MJZZlFUW7dA
public_chinese_only,2025-12-01,4:32,tufRwIBP3YM,State Banquet Master · Golden-rice fatty beef,【國宴大師•金米肥牛】一鍋搞定肉+菜+主食，吃完特別滿足！冬天在家煲起來～| 老飯骨,,https://www.youtube.com/watch?v=tufRwIBP3YM
public_chinese_only,2025-11-28,5:07,hPuqfDICyD8,State Banquet Master · Fig-infused free-range chicken,【國宴大師•無花果浸土雞】清甜暖胃，這鍋雞湯絕了！不靠調料堆，也能做出好喝的雞湯～ ｜老飯骨,,https://www.youtube.com/watch?v=hPuqfDICyD8
public_chinese_only,2025-11-26,7:22,SBL3YQRC1HA,State Banquet Master · Crispy fragrant chicken,【國宴大師•香酥雞】滿嘴都是肉，一口下去吃不到骨頭！咸香酥香加麻香，這雞怎麼這麼好吃～| 老飯骨,,https://www.youtube.com/watch?v=SBL3YQRC1HA
public_chinese_only,2025-11-23,7:51,-7Wtv3aB4pg,State Banquet Master · Sauce-braised beef ribs,【國宴大師•醬燒牛肋】就靠這5秒，牛肉口感絕了！表皮酥脆裡面多汁，怎麼吃都不柴～| 老飯骨,,https://www.youtube.com/watch?v=-7Wtv3aB4pg
public_chinese_only,2025-11-21,10:07,Io7kWKR4SVA,State Banquet Master · Pork stewed glass noodles,【國宴大師•豬肉燉粉條】冬天吃完渾身都暖和！大塊五花肉配軟糯粉條，直接香迷糊了～| 老飯骨,,https://www.youtube.com/watch?v=Io7kWKR4SVA
public_chinese_only,2025-11-20,19:31,69uj2eCQ1ww,Master's small stove · Eight-treasure pigeon,【大師小灶•八寶鴿子】全是精巧的技術活！將八種餡料塞進鴿子里，滿口醇香是真值得～| 老飯骨,,https://www.youtube.com/watch?v=69uj2eCQ1ww
public_chinese_only,2025-11-18,10:53,5tzUxrh5cDw,State Banquet Master · Dezhou braised chicken,【國宴大師•德州扒雞】傳說中的雞中戰鬥雞？脫骨就爛，吃到嘴裡還有彈性！配張卷餅簡直太香～| 老飯骨,,https://www.youtube.com/watch?v=5tzUxrh5cDw
public_chinese_only,2025-11-17,6:23,qFMaYB-s-bc,State Banquet Master · Sea intestine over rice,【國宴大師•海腸撈飯】一口值40塊錢！全網都在饞的山東網紅菜，到底有多好吃？| 老飯骨,,https://www.youtube.com/watch?v=qFMaYB-s-bc
public_chinese_only,2025-11-12,11:07,h8RbEHn1UEs,In the little cook's kitchen: red-braised pork and squirrel fish,直擊小廚娘後廚！軟糯入味的紅燒肉，酥香酸甜的松鼠桂魚，口水根本止不住～| 老飯骨,,https://www.youtube.com/watch?v=h8RbEHn1UEs
public_chinese_only,2025-11-10,6:57,zSa8F4tZZWc,State Banquet Master · Autumn pear syrup,【國宴大師•秋梨膏】10斤梨才熬出這麼一點膏？每勺都是精華，潤嗓又潤心～| 老飯骨,,https://www.youtube.com/watch?v=zSa8F4tZZWc
public_chinese_only,2025-11-06,7:23,8yf1r6eVAhw,State Banquet Master · Dry-pot pork intestine,【國宴大師•乾鍋肥腸】三分焦，七分糯！這鍋肥腸的火候，被拿捏得剛剛好~| 老飯骨,,https://www.youtube.com/watch?v=8yf1r6eVAhw
public_chinese_only,2025-11-04,9:49,vX5ipa94TBI,State Banquet Master · Crab-roe xiaolongbao,【國宴大師•蟹粉小籠湯包】喝湯的感覺就像談戀愛！碳水界的金色傳說，誰吃了不迷糊？| 老飯骨,,https://www.youtube.com/watch?v=vX5ipa94TBI
public_chinese_only,2025-11-02,9:09,JoN1f6DKaNk,State Banquet Master · Black-bean chili lamb chops,【國宴大師•中式豉椒羊排】又學會一招！羊排先煎後燒，豆豉和小米辣爆出香氣，味道絕了～| 老飯骨,,https://www.youtube.com/watch?v=JoN1f6DKaNk
public_chinese_only,2025-10-31,5:47,DE36Vvu1dwI,State Banquet Master · Radish stewed glass noodles,【國宴大師•蘿蔔燉粉條】經典四川家常菜，辣而不燥，下飯神器！秘訣就在這一勺醪糟～| 老飯骨,,https://www.youtube.com/watch?v=DE36Vvu1dwI
public_chinese_only,2025-10-29,10:09,fgFnTnB7zuA,State Banquet Master · Crab-roe lion's-head meatballs,【國宴大師•蟹粉獅子頭】兩位大廚“監考”一道菜！小廚娘淮揚菜總廚這壓力有多大？| 老飯骨,,https://www.youtube.com/watch?v=fgFnTnB7zuA
public_chinese_only,2025-10-27,7:03,1gCsr_CwYmU,State Banquet Master · Clear beef stew,【國宴大師•清燉牛肉】記住「先打乏後打油」的技巧，湯清肉甜！天冷最適合在家做，滿滿都是幸福感～| 老飯骨,,https://www.youtube.com/watch?v=1gCsr_CwYmU
public_chinese_only,2025-10-24,12:58,nntdfAg1if8,State Banquet Master · Scallion-braised sea cucumber,【國宴大師•蔥燒海參】最傳統的魯菜做法，海參入味三部曲！按這個步驟來，味道特別濃厚～| 老飯骨,,https://www.youtube.com/watch?v=nntdfAg1if8
public_chinese_only,2025-10-21,9:38,tma9BlMzeF8,State Banquet Master · Kumquat beef ribs,【國宴大師•金桔牛肋】牛肉燉到軟爛，再加入金桔解膩！為了吃一口好菜，當然要下點功夫～ | 老飯骨,,https://www.youtube.com/watch?v=tma9BlMzeF8
public_chinese_only,2025-10-16,9:11,5NC1JCHCQ-c,State Banquet Master · Three-sauce claypot,【國宴大師•三汁燜鍋】黄记煌創始人來了！今天教會你家庭版做法，越煮越香，秋冬在家吃起來～ | 老飯骨,,https://www.youtube.com/watch?v=5NC1JCHCQ-c
public_chinese_only,2025-10-14,9:18,k2AlIU2Vavk,State Banquet Master · Potato beef stew,【國宴大師•土豆炖牛肉】湯汁收得剛剛好！炖爛的土豆裹着肉汁，一碗白飯根本不夠配！｜老飯骨,,https://www.youtube.com/watch?v=k2AlIU2Vavk
public_chinese_only,2025-10-10,6:43,S2Jp0Rlcqkk,State Banquet Master · German beer-roasted pork knuckle,【國宴大師•德國啤酒烤豬肘】空氣炸鍋版！在家也能輕鬆搞定硬菜，皮脆肉嫩、越嚼越香～｜老飯骨,,https://www.youtube.com/watch?v=S2Jp0Rlcqkk
public_chinese_only,2025-10-09,15:54,P3rpY5fhbKs,State Banquet Master · Pickled-chili three bites,【國宴大師•泡椒勁爽三絕】先麻後辣，野山椒酸豇豆調味，這碗面香到停不下來～| 老飯骨,,https://www.youtube.com/watch?v=P3rpY5fhbKs
public_chinese_only,2025-10-06,3:07,3gjjnQmVMIQ,Khaby Lame and Evan Kail eat roast duck at Huai Si Jiu Yan,無語哥 (Khaby Lame) 和埃文凱爾 (Evan Kail) 來淮四九宴吃烤鴨啦，一口吃出幾個表情包 | 老飯骨,,https://www.youtube.com/watch?v=3gjjnQmVMIQ
public_chinese_only,2025-10-02,15:07,RBppdnJsdKQ,State Banquet Master · Wellington mooncakes,【國宴大師•惠靈頓月餅】把牛排做成月餅？滿口肉香還會爆汁！看完你一定能學會～| 老飯骨,,https://www.youtube.com/watch?v=RBppdnJsdKQ
public_chinese_only,2025-09-28,6:51,4FOvLGGH9MA,State Banquet Master · Braised eggplant with pork cubes,【國宴大師•肉粒扒茄子】茄子炸到酥脆，再鋪上滿滿牛肉粒！這樣吃也太過癮啦～| 老飯骨,,https://www.youtube.com/watch?v=4FOvLGGH9MA
public_chinese_only,2025-09-25,7:23,1BZyz-fw_YE,State Banquet Master · Shrimp-head braised tofu,【國宴大師•蝦頭燒豆腐】蝦頭別扔掉！試試配上5塊錢豆腐，鮮嫩又下飯～| 老飯骨,,https://www.youtube.com/watch?v=1BZyz-fw_YE
public_chinese_only,2025-09-23,8:35,lDhEmxBrdgY,State Banquet Master · Inner Mongolian milk tea,【國宴大師•內蒙奶茶】一鍋醇厚的炒米奶茶，最正宗的草原風味！從早喝到晚都痛快～｜老飯骨,,https://www.youtube.com/watch?v=lDhEmxBrdgY
public_chinese_only,2025-09-18,7:48,aT-5iomrlK8,State Banquet Master · Five-nut mooncakes,【國宴大師•五仁月餅】吃月餅囉！不是你不愛，是還沒遇到對的「仁」～| 老飯骨,,https://www.youtube.com/watch?v=aT-5iomrlK8
public_chinese_only,2025-09-16,9:26,tkKORKF-g-g,State Banquet Master · White-cut chicken,【國宴大師•白切雞】骨帶紅，皮爽脆！75歲老師傅的做法，關鍵是要浸泡冰水～| 老飯骨,,https://www.youtube.com/watch?v=tkKORKF-g-g
public_chinese_only,2025-09-11,17:20,5e30mwnE2Eo,Oil-braised prawn showdown: two chefs compete,油燜大蝦對決！2位廚師的較量，翻車還是險勝？做飯原來這麼刺激～| 老飯骨,,https://www.youtube.com/watch?v=5e30mwnE2Eo
public_chinese_only,2025-09-09,9:43,ns9WThm1zqc,State Banquet Master · Inner Mongolian siu mai,【國宴大師•內蒙燒賣】24個褶皺，1毫米厚的薄皮！蘸醋和辣椒油，連皮帶餡來一口，噴噴香！| 老飯骨,,https://www.youtube.com/watch?v=ns9WThm1zqc
public_chinese_only,2025-09-07,5:44,schE79ChBjQ,State Banquet Master · Sauce-smothered beans,【國宴大師•醬燜扁豆】最家常的豆角做法！醬香濃郁特別下飯，家裡人人都愛吃～ | 老飯骨,,https://www.youtube.com/watch?v=schE79ChBjQ
public_chinese_only,2025-08-28,8:30,dBjUNANzhP0,State Banquet Master · Crispy phoenix-tail prawns,【國宴大師•酥炸鳳尾蝦】每一口都是享受！外酥里嫩，汁水飽滿，蝦肉咬下去還會出水～| 老飯骨,,https://www.youtube.com/watch?v=dBjUNANzhP0
public_chinese_only,2025-08-26,11:37,ZwfjbZHtCW0,State Banquet Master · Palace mini corn buns,【國宴大師•宮廷小窩頭】慈禧太后在宮里吃的窩頭！五彩果仁，五穀豐登，香糯又精緻～| 老飯骨,,https://www.youtube.com/watch?v=ZwfjbZHtCW0
public_chinese_only,2025-08-24,6:12,iXTZMW3f0zM,State Banquet Master · Water-fried toon shrimp,【國宴大師•水炒香椿蝦】用水炒雞蛋？低油健康還解饞，先脆後嫩，清香四溢～| 老飯骨,,https://www.youtube.com/watch?v=iXTZMW3f0zM
public_chinese_only,2025-08-21,6:48,b9LmxWNNltc,State Banquet Master · Sweet-and-sour plum spare ribs,【國宴大師•糖醋話梅小排】空氣炸鍋版！酸酸甜甜超開胃，在家復刻也能零失敗～ | 老飯骨,,https://www.youtube.com/watch?v=b9LmxWNNltc
public_chinese_only,2025-08-17,8:27,i4g1kQnFpGE,State Banquet Master · Beef zhajiangmian,【國宴大師•牛肉炸醬麵】用大片牛肉做的炸醬，在家一定要試試！每根面都裹滿肉汁，嗦起來太過癮～| 老飯骨,,https://www.youtube.com/watch?v=i4g1kQnFpGE
public_chinese_only,2025-08-12,7:41,6nrWzxj-5vk,State Banquet Master · Pan-collapsed pork slices,【國宴大師•塌肉片】這道菜一定要猛火快炒！花椒面是靈魂，鮮麻香嫩滿口留香～| 老飯骨,,https://www.youtube.com/watch?v=6nrWzxj-5vk
public_chinese_only,2025-08-07,7:51,i4ULds3CL1w,State Banquet Master · Spring pancakes,【國宴大師•春餅】春夏秋冬都可以吃！杜師娘的拿手好菜，配靈魂雞蛋炒粉絲，這就是家的味道～| 老飯骨,,https://www.youtube.com/watch?v=i4ULds3CL1w
public_chinese_only,2025-08-05,12:36,ATltaYfXMXs,State Banquet Master · Salt-brine tripe,【國宴大師•鹽滷肚】傳統山東小菜，快要失傳的味道！淋幾滴香油，透亮又清爽～| 老飯骨,,https://www.youtube.com/watch?v=ATltaYfXMXs
public_chinese_only,2025-08-03,14:16,_BhvZmu_WAw,State Banquet Master · Sauced liver tips,【國宴大師•熘肝尖】旺火速成是關鍵！極致嫩滑，完美口感，這菜越學越有意思~,,https://www.youtube.com/watch?v=_BhvZmu_WAw
public_chinese_only,2025-07-29,8:53,mi0a-o9W2QU,State Banquet Master · Nine-turn large intestine,【國宴大師•九轉大腸】程大師的新派做法，山藥放得恰到好處！軟糯香潤不膩口，五味俱全～| 老飯骨,,https://www.youtube.com/watch?v=mi0a-o9W2QU
public_chinese_only,2025-07-27,22:50,OQpWbQmMVDc,State Banquet Master · Hardcore lesson,【國宴大師•硬核教學】教你“乾貨漲發”！專業廚師必修課，看小飯骨能不能學得會～| 老飯骨,,https://www.youtube.com/watch?v=OQpWbQmMVDc
public_chinese_only,2025-07-23,21:56,MnBCeY45xBg,State Banquet Master · Sweet-and-sour yellow croaker,【國宴大師•糖醋黃花魚】霸氣！這才是我們最傳統的中華魯菜！四潑糖醋汁，酥香滿堂彩！ | 老飯骨,,https://www.youtube.com/watch?v=MnBCeY45xBg
public_chinese_only,2025-07-22,4:22,TJGNxppL8AE,State Banquet Master · Cold steamed egg,【國宴大師•涼拌雞蛋羹】外面吃不到的私房菜！食材簡單易操作，健康還好吃~| 老飯骨,,https://www.youtube.com/watch?v=TJGNxppL8AE
public_chinese_only,2025-07-20,7:08,ApBPSc6k54U,State Banquet Master · Ice-water prawn crackers,【國宴大師•冰水蝦片】透亮如玉，脆嫩鮮甜！師娘的私房解暑菜，清爽到你心裡～｜老飯骨,,https://www.youtube.com/watch?v=ApBPSc6k54U
public_chinese_only,2025-07-15,5:50,5Oki_9G8obs,State Banquet Master · Potato beef stew,【國宴大師•土豆燉牛肉】咕嘟咕嘟燉到軟爛！簡單又溫暖的家常菜，軟糯入味太下飯～| 老飯骨,,https://www.youtube.com/watch?v=5Oki_9G8obs
public_chinese_only,2025-07-13,5:33,d_S0Nw6u8mo,State Banquet Master · Mung-bean bamboo-leaf congee,【國宴大師•綠豆竹葉粥】夏天沒胃口就吃它！清熱解火、潤燥養生，喝完就是一個舒服～| 老飯骨,,https://www.youtube.com/watch?v=d_S0Nw6u8mo
public_chinese_only,2025-07-10,11:13,D2RX1-Xd2Mg,State Banquet Master · Sesame-sauce cold noodles,【國宴大師•麻醬涼麵】經典四川味道，表面撒上芝麻鹽，再淋一勺麻醬汁，快來一起嗦面囉～| 老飯骨,,https://www.youtube.com/watch?v=D2RX1-Xd2Mg
public_chinese_only,2025-07-08,5:16,PTO1A0D5bns,State Banquet Master · Char siu pork,【國宴大師•叉燒肉】空氣炸鍋版！外焦里嫩還帶汁，记住萬能醬料配方，烤魚烤排骨都能用～ | 老飯骨,,https://www.youtube.com/watch?v=PTO1A0D5bns
public_chinese_only,2025-07-05,2:13,VAq9DQVz3vE,State Banquet Master · Dry-fried rice noodles,【國宴大師•乾炒河粉】正宗粵式風味！熱鍋快炒，油亮彈牙，吃完都說太香了～| 老飯骨,,https://www.youtube.com/watch?v=VAq9DQVz3vE
public_chinese_only,2025-06-30,7:34,1CVrKUJgATc,State Banquet Master · Eat well,【國宴大師•好好吃飯】體重管理者必看！一湯一菜簡單食譜，既有滿足感，還能吃到苗條好身材~ | 老飯骨,,https://www.youtube.com/watch?v=1CVrKUJgATc
public_chinese_only,2025-06-29,5:02,bmJ0YBEInn4,State Banquet Master · Steamed beans with rice flour,【國宴大師•粉蒸豆角】五分鐘就學會的“蒸蒸日上”！先汆再蒸最後炒，扁豆滑嫩，蔥香四溢~ | 老飯骨,,https://www.youtube.com/watch?v=bmJ0YBEInn4
public_chinese_only,2025-06-27,7:05,Z8Rb3j2QJuA,State Banquet Master · Sizzling chicken claypot,【國宴大師•啫啫雞煲】歐老師的靈魂配方！坐在大排檔對面都能聞到香味，鮮香嫩滑味道靚～| 老飯骨,,https://www.youtube.com/watch?v=Z8Rb3j2QJuA
public_chinese_only,2025-06-24,7:26,oDatWR2K_mc,State Banquet Master · Tomato dry-braised king prawns,【國宴大師•茄汁乾燒大明蝦】“南天鮑王” 歐老師來了！正宗粵菜手法，大蝦酥脆爽彈～| 老飯骨,,https://www.youtube.com/watch?v=oDatWR2K_mc
public_chinese_only,2025-06-22,9:14,rpM0aYMC0dA,State Banquet Master · Cracked-rice diced chicken,【國宴大師•碎米雞丁】還原70年前老味道，調味下芡很重要！鮮嫩又下飯，米飯兩碗起~| 老飯骨,,https://www.youtube.com/watch?v=rpM0aYMC0dA
public_chinese_only,2025-06-19,9:06,qXuAO6Jes_0,State Banquet Master · Zhajiangmian,【國宴大師•炸醬麵】郝老師的“反嗆鍋”炸酱，整個院子都是香味！撒上蔥花鋪好面碼，一起嗦面～| 老飯骨,,https://www.youtube.com/watch?v=qXuAO6Jes_0
public_chinese_only,2025-06-17,5:17,48qp32flKlU,State Banquet Master · Roast chicken wings,【國宴大師•烤雞翅】空氣炸鍋版！做法簡單、省油又快速，外酥里嫩太香了～｜老飯骨,,https://www.youtube.com/watch?v=48qp32flKlU
public_chinese_only,2025-06-15,11:33,iNEfirPy53Q,State Banquet Master · Tomato with shredded eggplant,【國宴大師•西紅柿炒茄絲】下飯神器！香濃又軟糯，澆在飯上拌勻吃，兩種做法雙倍快樂～| 老飯骨,,https://www.youtube.com/watch?v=iNEfirPy53Q
public_chinese_only,2025-06-12,7:08,NjZMRdoUHxg,State Banquet Master · Dipping-sauce beef ribs,【國宴大師•蘸汁牛肋】不蘸汁滿嘴肉香，蘸了汁回味無窮！吃完就一個字，爽！| 老飯骨,,https://www.youtube.com/watch?v=NjZMRdoUHxg
public_chinese_only,2025-06-10,27:01,hK1pKWR7zOM,Master's small stove · Purse crucian carp,【大師小灶•荷包鯽魚】拆解每一個細節，30分鐘讓你在家做出飯店的效果！外酥裡嫩，鮮香不散！| 老飯骨,,https://www.youtube.com/watch?v=hK1pKWR7zOM
public_chinese_only,2025-06-08,8:10,xVDZ7G6oTbg,State Banquet Master · Oil-braised prawns,【國宴大師•油燜大蝦】郝師娘的家常菜！蝦殼煎到焦香，蝦油滋啦冒泡，熱熱鬧鬧出鍋啦～| 老飯骨,,https://www.youtube.com/watch?v=xVDZ7G6oTbg
public_chinese_only,2025-06-05,6:34,1TxRp4Jnhi0,State Banquet Master · Sauced liver tips,【國宴大師•熘肝尖】什麼樣的熘肝尖才算合格！片片都有汁，汁汁不留盤~| 老飯骨,,https://www.youtube.com/watch?v=1TxRp4Jnhi0
public_chinese_only,2025-06-03,4:03,RToKejePRJ8,State Banquet Master · Dry-fried beef hor fun,【國宴大師•乾炒牛河】空氣炸鍋版！15分鐘在家輕鬆復刻，無油煙不翻車，主打一個方便～| 老飯骨,,https://www.youtube.com/watch?v=RToKejePRJ8
public_chinese_only,2025-05-29,7:15,GjOEQoxTw-I,State Banquet Master · Slow-fried zhajiang sauce,【國宴大師•熬炸醬】師爺師娘家裡的味道！給麵條澆上滿滿一勺炸醬，再趁熱拌開，香到鄰居來敲門～| 老飯骨,,https://www.youtube.com/watch?v=GjOEQoxTw-I
public_chinese_only,2025-05-27,6:58,Qv8X6hQ4tPc,State Banquet Master · Braised eggplant with shiitake,【國宴大師•冬菇扒茄子】鴻雲樓失傳菜！簡單快捷還下飯，在家就能做~| 老飯骨,,https://www.youtube.com/watch?v=Qv8X6hQ4tPc
public_chinese_only,2025-05-25,5:21,ppNAToBhR_I,State Banquet Master · Braised spare-rib crisps,【國宴大師•燒排骨酥】先炸出脆殼，再燉到軟爛，讓你啃到停不下來！排骨酥糊不破的秘訣～| 老飯骨,,https://www.youtube.com/watch?v=ppNAToBhR_I
public_chinese_only,2025-05-22,14:44,gjUJuDtxcA4,Master's small stove · Scallion-fried lamb,【大師小灶•蔥爆羊肉】從選材到切配再到烹制，手把手0-1，這次真的能學會！| 老飯骨,,https://www.youtube.com/watch?v=gjUJuDtxcA4
public_chinese_only,2025-05-21,3:47,bVzZgpeE1K8,State Banquet Master · Mixed salmon,【國宴大師•拌三文魚】3分鐘搞定！炎熱夏天來一盤，酸辣又清爽，瞬間喚醒味蕾～| 老飯骨,,https://www.youtube.com/watch?v=bVzZgpeE1K8
public_chinese_only,2025-05-15,8:07,vPgUWvmjCRM,State Banquet Master · Home-braised hairtail,【國宴大師•家燒帶魚】家裡孩子最愛吃的帶魚，必須安排！酥到骨頭都想啃，汁水濃郁特別下飯～| 老飯骨,,https://www.youtube.com/watch?v=vPgUWvmjCRM
public_chinese_only,2025-05-13,4:43,RUb7aCG3udc,State Banquet Master · Garlic spare ribs,【國宴大師•蒜香排骨】空氣炸鍋版！在家輕鬆還原傳統硬菜，滋滋冒油，越啃越香～| 老飯骨,,https://www.youtube.com/watch?v=RUb7aCG3udc
public_chinese_only,2025-05-11,9:24,AFauVo-4vWk,State Banquet Master · Chestnut mid-wings,【國宴大師•栗子翅中】超溫柔的師娘，超香糯的雞翅！全家老小都愛吃，這就是爺爺奶奶的味道～| 老飯骨,,https://www.youtube.com/watch?v=AFauVo-4vWk
public_chinese_only,2025-05-07,21:44,RTLN8KKt1Pk,Master's small stove · Crisp-fried pork slices in sauce,【大師小灶•焦溜肉片】20分鐘超詳細教程，所有細節全部給你講清楚，學會開店沒問題～| 老飯骨,,https://www.youtube.com/watch?v=RTLN8KKt1Pk
public_chinese_only,2025-05-01,10:44,jBvuSv5pbmw,State Banquet Master · Five-color dumplings,【國宴大師•五色餃子】今天師娘來做小孫子愛吃的餃子！大師打下手，還差點翻車？原來這是人生大智慧～ ｜老飯骨,,https://www.youtube.com/watch?v=jBvuSv5pbmw
public_chinese_only,2025-04-29,5:28,SzCpKR-z8yQ,"Tenderloin three fryings — recap: color, method, and texture",里脊三炸•總結篇！顏色不同烹調不同，味道口感也不同，你最喜歡那個？| 老飯骨,,https://www.youtube.com/watch?v=SzCpKR-z8yQ
public_chinese_only,2025-04-27,5:11,fNUI4c0G1jI,State Banquet Master · Plain deep-fried tenderloin,【國宴大師•清炸里脊】不裹糊的炸里脊，簡簡單單5分鐘搞定！焦香酥脆肉香十足，下酒一絕～| 老飯骨,,https://www.youtube.com/watch?v=fNUI4c0G1jI
public_chinese_only,2025-04-24,6:34,zg1vuihEfDk,State Banquet Master · Dry-fried pork tenderloin,【國宴大師•乾炸里脊】里脊的三種炸法！從切配醃制到調糊油炸，一次都學會~| 老飯骨,,https://www.youtube.com/watch?v=zg1vuihEfDk
public_chinese_only,2025-04-22,7:07,GqhXxzdwzTU,State Banquet Master · Soft-fried tenderloin,【國宴大師•軟炸里脊】正宗傳統山東菜！肉汁飽滿，一點不膩，外面的一層小焦殼是靈魂～| 老飯骨,,https://www.youtube.com/watch?v=GqhXxzdwzTU
public_chinese_only,2025-04-17,9:49,G4Py9Ag1CLE,State Banquet Master · Abalone three delicacies,【國宴大師•鮑魚三鮮】把食材燒到軟糯鮮甜，吃一勺忘不掉！大師帶你看G20峰會同款餐具 | 老飯骨,,https://www.youtube.com/watch?v=G4Py9Ag1CLE
public_chinese_only,2025-04-10,7:40,S403Plc0VgA,State Banquet Master · Velveted tenderloin with water chestnuts,【國宴大師•滑溜里脊加荸薺】脆到心坎里，嫩到舌尖上！羊肉的經典搭配，口感層次特別豐富～| 老飯骨,,https://www.youtube.com/watch?v=S403Plc0VgA
public_chinese_only,2025-04-03,7:12,OYamy9LDgDE,State Banquet Master · Chinese-style beef tenderloin,【國宴大師•中式牛柳】時隔20年，還原港式傳統菜！不甜不膩，肉嫩掛汁！| 老飯骨,,https://www.youtube.com/watch?v=OYamy9LDgDE
public_chinese_only,2025-04-01,7:56,IODqYe3znMk,State Banquet Master · Vegetarian shredded eel,【國宴大師•素鱔絲】味道要俏，外形要像！蘑菇也能做成鱔魚的樣子，爽滑又彈牙～| 老飯骨,,https://www.youtube.com/watch?v=IODqYe3znMk
public_chinese_only,2025-03-30,5:24,lgFstYGqqGU,State Banquet Master · Fragrant-fruit chicken,【國宴大師•香果雞】馬爺的翻鍋太厲害了！雞肉吸飽湯汁，還有淡淡蘋果香，老人小孩都愛吃～| 老飯骨,,https://www.youtube.com/watch?v=lgFstYGqqGU
public_chinese_only,2025-03-23,5:02,gA1L_acx-us,State Banquet Master · Home-style tofu,【國宴大師•家常豆腐】師娘愛吃的家常菜，不要猛火不要刀工，熱氣騰騰吸滿湯汁，味道太治癒！| 老飯骨,,https://www.youtube.com/watch?v=gA1L_acx-us
public_chinese_only,2025-03-20,7:55,pmIfnnGAUqw,State Banquet Master · Family meat pie,【國宴大師•家庭大肉餅】又燙又香，一口下去全是肉！自己家裡做的就是好吃！師娘的秘制配方來啦～| 老飯骨,,https://www.youtube.com/watch?v=pmIfnnGAUqw
public_chinese_only,2025-03-18,7:46,xCVEwGab1DE,State Banquet Master · Cucumber sauced tenderloin,【國宴大師•黃瓜熘里脊片】急速麻利快～黃瓜清爽解膩，肉片滑嫩入味，配大米飯可太香了！| 老飯骨,,https://www.youtube.com/watch?v=xCVEwGab1DE
public_chinese_only,2025-03-16,11:19,ImU3UJnB6b8,State Banquet Master · Watermelon-radish dropped meatballs,【國宴大師•心裡美汆丸子】師娘駕到！玫瑰色的肉丸子，色香味俱全，吃完心裡美滋滋～| 老飯骨,,https://www.youtube.com/watch?v=ImU3UJnB6b8
public_chinese_only,2025-03-13,11:27,EAPxGXQ6Hgc,State Banquet Master · Steamed pork with rice flour,【國宴大師•粉蒸肉】蒸到油透出來才算香！軟糯入味有層次，還能做成脆皮版本？| 老飯骨,,https://www.youtube.com/watch?v=EAPxGXQ6Hgc
public_chinese_only,2025-03-11,6:02,BpnnE498GfA,State Banquet Master · Stir-fried pickled-vegetable shreds,【國宴大師•炒鹹菜絲】老北京早餐的靈魂搭配，夾一筷子爽口小菜，再配上熱粥燒餅，太舒服～| 老飯骨,,https://www.youtube.com/watch?v=BpnnE498GfA
public_chinese_only,2025-03-09,10:15,SoqimN5T-Xw,State Banquet Master · Spring pork hock,【國宴大師•春肘】給大肘子來點春天的鮮味！皮糯肉爛吸飽湯汁，加上香椿太有層次感～| 老飯骨,,https://www.youtube.com/watch?v=SoqimN5T-Xw
public_chinese_only,2025-03-06,13:34,TRv5KoR1ypE,State Banquet Master · Fried lotus-root sandwiches,【國宴大師•炸藕盒】新家第一次開火送給哪吒，把藕盒做成風火輪，助你上巔峰！| 老飯骨,,https://www.youtube.com/watch?v=TRv5KoR1ypE
public_chinese_only,2025-03-02,6:41,n4DMMW9oTm0,State Banquet Master · Crispy fried prawns,【國宴大師•酥炸大蝦】吃蝦也吃皮，一口入魂，酥脆無比！好吃到停不下來~| 老飯骨,,https://www.youtube.com/watch?v=n4DMMW9oTm0
public_chinese_only,2025-02-27,9:45,MEGD72sBzEw,State Banquet Master · Duck confit,【國宴大師•油封鴨】沒有冰箱時代的老菜！低溫油浸，再烤到皮酥肉爛，配點小酒簡直太美～｜老飯骨,,https://www.youtube.com/watch?v=MEGD72sBzEw
public_chinese_only,2025-02-25,7:03,VwdacN0z6l8,State Banquet Master · Kumquat red-braised pork,【國宴大師•金桔紅燒肉】這絕對是最解膩的做法！汁水在口腔里爆開，味道妙幻無窮～| 老飯骨,,https://www.youtube.com/watch?v=VwdacN0z6l8
public_chinese_only,2025-02-18,8:19,pvD_WPQg6uk,State Banquet Master · Black-chicken salted-egg rolls,【國宴大師•烏雞咸蛋捲】口感特別驚艷，老一輩民間絕活！愛吃咸蛋黃的一定要看～| 老飯骨,,https://www.youtube.com/watch?v=pvD_WPQg6uk
public_chinese_only,2025-02-16,5:04,rl_qopHp0K4,State Banquet Master · Creamy shrimp pasta,【國宴大師•鮮蝦奶油意面】每根面都掛滿鮮蝦汁，越嗦越爽！5分鐘輕鬆學會，配法棍也好吃～| 老飯骨,,https://www.youtube.com/watch?v=rl_qopHp0K4
public_chinese_only,2025-02-13,5:48,77OvERF1RlQ,State Banquet Master · Black-pepper beef cubes,【國宴大師•黑椒牛柳粒】鍋氣滿滿，香嫩多汁，教你炒出飯店級的牛肉粒！一看就能學會～| 老飯骨,,https://www.youtube.com/watch?v=77OvERF1RlQ
public_chinese_only,2025-02-11,7:54,nWC54jnwAQg,State Banquet Master · Spicy spare ribs,【國宴大師•香辣排骨】連辣椒都能吃！啃起來超過癮，好吃到停不下來～| 老飯骨,,https://www.youtube.com/watch?v=nWC54jnwAQg
public_chinese_only,2025-02-05,12:40,08fRFMSfc5s,State Banquet Master · Pastel baozi,【國宴大師•粉彩包子】皮薄餡大的素包子，那是相當好吃！侯老師教你快速發麵～| 老飯骨,,https://www.youtube.com/watch?v=08fRFMSfc5s
public_chinese_only,2025-02-02,5:34,Mlg0rvZtFlw,State Banquet Master · Seafood emperor tofu pot,【國宴大師•海皇豆腐煲】澆一勺在米飯上，瞬間有了靈魂！清淡不油膩，老人小孩都喜歡～| 老飯骨,,https://www.youtube.com/watch?v=Mlg0rvZtFlw
public_chinese_only,2025-01-30,7:12,XTs9KnK_m3Y,State Banquet Master · Celery emperor fresh abalone shreds,【國宴大師•芹皇鮮鮑絲】顏色漂亮，口感爽脆！新年就吃這道菜，繽紛多彩好運來～| 老飯骨,,https://www.youtube.com/watch?v=XTs9KnK_m3Y
public_chinese_only,2025-01-29,4:55,n0kT-S5A1xU,We moved house — LaoFanGu New Year greetings,新年新氣象，我們搬家啦！老飯骨全體給大家拜年啦，過年好~,,https://www.youtube.com/watch?v=n0kT-S5A1xU
public_chinese_only,2025-01-25,7:23,C5i77Tb0Dq4,State Banquet Master · Choi sum with fresh abalone,【國宴大師•菜膽扒鮮鮑】又脆又滑嫩，燙8秒就出鍋！過年飯桌上少不了它～| 老飯骨,,https://www.youtube.com/watch?v=C5i77Tb0Dq4
public_chinese_only,2025-01-23,6:37,yonhqq8HtXc,State Banquet Master · Crispy fragrant chicken,【國宴大師•香酥雞】特別簡單的配方！皮酥肉嫩還多汁，上桌就搶光！| 老飯骨,,https://www.youtube.com/watch?v=yonhqq8HtXc
public_chinese_only,2025-01-21,8:19,Fx0wUgMQWSo,State Banquet Master · Sauced pig trotters,【國宴大師•醬豬蹄】學會可以開小店的配方！連皮帶筋，熟爛透味，啃著就是一個香～| 老飯骨,,https://www.youtube.com/watch?v=Fx0wUgMQWSo
public_chinese_only,2025-01-19,7:07,ktLH_svorsM,State Banquet Master · Hong Kong-style roast chicken,【國宴大師•港式燒雞】40分鐘在家搞定！金黃多汁，肉質滑嫩，真係好好味～| 老飯骨,,https://www.youtube.com/watch?v=ktLH_svorsM
public_chinese_only,2025-01-16,12:50,84mKugr-wfA,State Banquet Master · Lamb skewers,【國宴大師•羊肉串】滋滋冒油，一口入魂！新疆菜廚師長的烤羊肉串秘方| 老飯骨,,https://www.youtube.com/watch?v=84mKugr-wfA
public_chinese_only,2025-01-14,8:50,VpJEKL757EE,State Banquet Master · Sauced pork,【國宴大師•醬肉】入口即化，吃到嘴裡一點也不膩！那叫一個解饞～| 老飯骨,,https://www.youtube.com/watch?v=VpJEKL757EE
public_chinese_only,2025-01-12,11:16,a2qQxr4fMnc,State Banquet Master · Stir-fried hawthorn,【國宴大師•炒紅果】山楂的2種做法！小孩看到狂喜～兒時的回憶，酸甜又開胃 | 老飯骨,,https://www.youtube.com/watch?v=a2qQxr4fMnc
public_chinese_only,2025-01-09,12:51,Z90pVDYL7yc,State Banquet Master · Sanyuan beef tripe,【國宴大師•三元牛衝】火候到家，味道就好！軟糯微甜，滿滿都是膠原蛋白～| 老飯骨,,https://www.youtube.com/watch?v=Z90pVDYL7yc
public_chinese_only,2025-01-07,10:40,rx6pN-XOidc,State Banquet Master · Steamed ribs with garlic black bean,【國宴大師•蒜蓉豉汁蒸排骨】咬在唇齒間的享受！20年粵菜大廚配方，靈魂只要一點花生醬～| 老飯骨,,https://www.youtube.com/watch?v=rx6pN-XOidc
public_chinese_only,2025-01-03,6:55,jmAz5FWez7U,State Banquet Master · Hot-and-sour soup,【國宴大師•酸辣湯】冬天喝一碗，渾身暖洋洋！用簡單的食材，也能做到色香味俱全 | 老飯骨,,https://www.youtube.com/watch?v=jmAz5FWez7U
public_chinese_only,2025-01-02,9:37,z2PRRNuM60o,State Banquet Master · Shandong roast chicken,【國宴大師•山東燒雞】撕開雞腿的瞬間，口水流了一噸！鮮嫩多汁，過年做起來～| 老飯骨,,https://www.youtube.com/watch?v=z2PRRNuM60o
public_chinese_only,2025-01-01,14:17,TRKEByNJsbE,Two days and a dozen ingredients: recreating 1990s 'national-style colorful phoenix',耗時兩天！用十幾種食材復刻90年代“國風彩鳳”！2025祝大家吉祥如意，福氣滿滿～ | 老飯骨,,https://www.youtube.com/watch?v=TRKEByNJsbE
public_chinese_only,2024-12-29,5:59,vzYCRzVt7ds,State Banquet Master · Tomato shrimp soup,【國宴大師•番茄蝦仁湯】70年代的老湯！有軟的有甜的有脆的，越喝越香，後味無窮~| 老飯骨,,https://www.youtube.com/watch?v=vzYCRzVt7ds
public_chinese_only,2024-12-26,5:44,EQW8cIommM8,State Banquet Master · Crispy fragrant duck,【國宴大師•香酥鴨】外皮酥脆，鴨肉入味！5分鐘學會兒時最愛的那道菜～| 老飯骨,,https://www.youtube.com/watch?v=EQW8cIommM8
public_chinese_only,2024-12-24,6:09,hNzipvQKYyI,State Banquet Master · Dry-fried green beans,【國宴大師•乾煸豆角】經典家常下飯菜，炒豆角的小訣竅，勤翻鍋炒出香味～| 老飯骨,,https://www.youtube.com/watch?v=hNzipvQKYyI
public_chinese_only,2024-12-22,5:21,hPovSxFzmps,State Banquet Master · Northeastern rice wraps,【國宴大師•東北飯包】哈爾濱網紅菜！熱熱乎乎大口啃，就一個字，香！| 老飯骨,,https://www.youtube.com/watch?v=hPovSxFzmps
public_chinese_only,2024-12-19,7:52,eZHW7LryekQ,State Banquet Master · Dongpo beef,【國宴大師•東坡牛肉】肉要酥爛酒要多，帶汁吃太解饞了！週末在家燉起來～| 老飯骨,,https://www.youtube.com/watch?v=eZHW7LryekQ
public_chinese_only,2024-12-17,10:13,Du4-GauB1QQ,State Banquet Master · Coral cabbage,【國宴大師•珊瑚白菜】酸辣爽口，特別開胃！70年代傳統宴席涼菜，大人小孩都愛吃～| 老飯骨,,https://www.youtube.com/watch?v=Du4-GauB1QQ
public_chinese_only,2024-12-16,10:44,k_UzrClEZ9U,300 charity meals in three days — they've done this quietly for eight years,挑戰做300份公益愛心餐，全程耗時三天！但他們卻默默堅持了8年… | 老飯骨,,https://www.youtube.com/watch?v=k_UzrClEZ9U
public_chinese_only,2024-12-12,5:17,ULqRRmfY7Yc,State Banquet Master · Pearl pork chops,【國宴大師•珍珠豬排】5分钟就能學會～金黃酥脆巨好吃，看著舒服味道香！| 老飯骨,,https://www.youtube.com/watch?v=ULqRRmfY7Yc
public_chinese_only,2024-12-10,7:11,nOC0trOuEkY,State Banquet Master · Red-braised pig trotters,【國宴大師•紅燒豬蹄】傳統家庭做法，只需要簡單幾種配料！一吸溜就滑進嘴裡，誰能忍住誘惑~ | 老飯骨,,https://www.youtube.com/watch?v=nOC0trOuEkY
public_chinese_only,2024-12-08,7:40,sxHUpg2j1qw,State Banquet Master · French pan-seared chicken,【國宴大師•法式香煎雞】法國大爺大媽常做的菜！滿嘴都是醬汁香味，雞胸肉嫩而不柴，紅紅火火做起來！| 老飯骨,,https://www.youtube.com/watch?v=sxHUpg2j1qw
public_chinese_only,2024-12-05,7:18,ndGr1acRaws,State Banquet Master · Clear-stewed crispy pork,【國宴大師•清燉小酥肉】把一道菜做到極致！鮮香酥嫩，入口即化，喝湯又吃肉～| 老飯骨,,https://www.youtube.com/watch?v=ndGr1acRaws
public_chinese_only,2024-12-03,7:19,0S14lJBbUoA,State Banquet Master · Straw-mushroom fried chicken,【國宴大師•草菇炸雞】外脆里嫩還多汁，用生菜葉包起來吃，絕對是你忘不掉的美味～| 老飯骨,,https://www.youtube.com/watch?v=0S14lJBbUoA
public_chinese_only,2024-12-01,6:17,ch26z-XbtHs,State Banquet Master · Auntie's cabbage,【國宴大師•大媽白菜】小时候放學回家吃到的味道～5分鐘學會家常下飯菜，鍋氣十足，特別簡單！| 老飯骨,,https://www.youtube.com/watch?v=ch26z-XbtHs
public_chinese_only,2024-11-28,6:46,psfT4l4LYxs,State Banquet Master · Dropped lamb meatballs,【國宴大師•羊肉汆丸子】熱熱鬧鬧喝湯咯！丸子到嘴裡一抿就化，白菜鮮甜，冬天來碗簡直太舒服~| 老飯骨,,https://www.youtube.com/watch?v=psfT4l4LYxs
public_chinese_only,2024-11-27,8:34,kLvwwNhAV40,State Banquet Master · Red-braised oxtail,【國宴大師•紅燒牛尾】吃完大呼過癮！鴻賓樓的經典看家菜，看馬爺做飯就是痛快！| 老飯骨,,https://www.youtube.com/watch?v=kLvwwNhAV40
public_chinese_only,2024-11-21,10:40,vsU53pHfcl4,State Banquet Master · Red-wine beef rib stew,【國宴大師•紅酒燉牛肋】吃完開心一整周！連吃5塊都不過癮，冬天吃肉就得豪橫~| 老飯骨,,https://www.youtube.com/watch?v=vsU53pHfcl4
public_chinese_only,2024-11-19,8:09,T85oXn0kXDE,State Banquet Master · Dry-fried shredded beef,【國宴大師•乾煸牛肉絲】30年前的經典川菜！酥香麻辣，越嚼越爽，比牛肉乾還好吃～| 老飯骨,,https://www.youtube.com/watch?v=T85oXn0kXDE
public_chinese_only,2024-11-17,8:10,kOC6tWMmUPY,State Banquet Master · Halal sauced beef,【國宴大師•清真醬牛肉】香料不多，吃出本味！沒想到醬牛肉的做法竟然這麼簡單～| 老飯骨,,https://www.youtube.com/watch?v=kOC6tWMmUPY
public_chinese_only,2024-11-14,6:28,LQJvkbuokVo,State Banquet Master · Pea chicken stew,【國宴大師•豌豆燉雞】2個大雞腿能做啥？有中有西有東南亞，一口幸福滿滿！| 老飯骨,,https://www.youtube.com/watch?v=LQJvkbuokVo
public_chinese_only,2024-11-10,4:42,r7Pb6sxQ0jg,State Banquet Master · Scallion-fried lamb,【國宴大師•蔥爆羊肉】蔥肉比例是多少，到底應不應該有湯？5分鐘學會蔥香肉香的下飯神器~| 老飯骨,,https://www.youtube.com/watch?v=r7Pb6sxQ0jg
public_chinese_only,2024-11-07,5:11,mci2wKuCDU0,State Banquet Master · Griddle barbecue,【國宴大師•炙子烤肉】最簡單的調料，在家用平底鍋就能做！醃肉秘方一定要記牢~| 老飯骨,,https://www.youtube.com/watch?v=mci2wKuCDU0
public_chinese_only,2024-11-05,4:48,XpI3D6i2dQw,State Banquet Master · Wok-flash pork,【國宴大師•鐺爆肉】秋天就要大口吃肉，焦香帶點肥，咬下去香氣直接滋出來~| 老飯骨,,https://www.youtube.com/watch?v=XpI3D6i2dQw
public_chinese_only,2024-11-03,6:29,awW6P1q9gFo,State Banquet Master · Chestnut braised cabbage,【國宴大師•栗子扒白菜】酥軟熱乎，口感特別好！季節限定菜，老人小孩都愛吃~| 老飯骨,,https://www.youtube.com/watch?v=awW6P1q9gFo
public_chinese_only,2024-10-31,9:07,nJVsYKO9WBM,State Banquet Master · Chongqing chili chicken,【國宴大師•辣子鸡】只有“微微辣”的川菜，和你想象的辣子雞不一樣！脆爽荸薺配上滑嫩雞丁，越吃越香~| 老飯骨,,https://www.youtube.com/watch?v=nJVsYKO9WBM
public_chinese_only,2024-10-29,5:39,zVNcfdTI7Ek,State Banquet Master · Sauce-braised chicken,【國宴大師•酱汁扒鸡】吊完雞湯還剩下雞肉，該怎麼辦？教你5分鐘搞定下飯神菜~| 老飯骨,,https://www.youtube.com/watch?v=zVNcfdTI7Ek
public_chinese_only,2024-10-28,6:58,GRYIKjT-_kw,State Banquet Master · Shiitake shredded chicken,【國宴大師•香菇雞絲】55年前的高檔菜，雞絲就要這麼做才嫩滑！經典大油是關鍵～| 老飯骨,,https://www.youtube.com/watch?v=GRYIKjT-_kw
public_chinese_only,2024-10-24,6:34,zEMjMQ_43pY,State Banquet Master · Hejian wrapped pork,【國宴大師•河間包肉】肉汁混著蔥香，吃過都說絕了！還有馬老師的切蔥小技巧，好吃又漂亮～| 老飯骨,,https://www.youtube.com/watch?v=zEMjMQ_43pY
public_chinese_only,2024-10-22,6:55,tVAzCokYl5s,State Banquet Master · Pig-ear aspic,【國宴大師•豬耳凍】軟糯又彈牙，再淋上蒜汁，下酒吃它簡直停不下來！| 老飯骨,,https://www.youtube.com/watch?v=tVAzCokYl5s
public_chinese_only,2024-10-20,6:23,ZUeVQlFhc3E,State Banquet Master · Festive shrimp balls,【國宴大師•喜慶蝦球】家裡有小孩必學，一招解決不愛吃飯！簡便易學還好吃~| 老飯骨,,https://www.youtube.com/watch?v=ZUeVQlFhc3E
public_chinese_only,2024-10-17,10:34,-i-IgFbicTM,State Banquet Master · Three-shred scallop mold,【國宴大師•三絲扣干貝】把食材做成一個精緻的小盒子，過程特別好玩，每一口都是驚喜~,,https://www.youtube.com/watch?v=-i-IgFbicTM
public_chinese_only,2024-10-15,8:28,MRaCrtTPi1g,State Banquet Master · Oil-passed pork,【國宴大師•過油肉】好吃的秘訣，都在這一小份“碗芡”里！廚房新手一定要學~ | 老飯骨,,https://www.youtube.com/watch?v=MRaCrtTPi1g
public_chinese_only,2024-10-12,5:42,oH445dqlyr4,State Banquet Master · Crave-sauce,【國宴大師•饞醬】沒有雞精味精，家裡的味道吃的就是放心，拌面拌飯一絕~| 老飯骨,,https://www.youtube.com/watch?v=oH445dqlyr4
public_chinese_only,2024-10-10,8:40,08YQkKBJcu8,State Banquet Master · Hungarian beef stew,【國宴大師•匈牙利燴牛肉】香濃又入味！澆上一勺酸奶油，這味道太正了！歐洲家喻戶曉的佳餚～| 老飯骨,,https://www.youtube.com/watch?v=08YQkKBJcu8
public_chinese_only,2024-10-08,6:24,D5QaMp0SiIM,State Banquet Master · Stir-fried pork slices,【國宴大師•炒肉片】每一片都含著汁，老味道就是香！特別方便的家庭小菜，今天晚飯就吃它～| 老飯骨,,https://www.youtube.com/watch?v=D5QaMp0SiIM
public_chinese_only,2024-10-03,13:10,CAfk3T43MoA,State Banquet Master · Happy Family (assorted banquet stir-fry),【國宴大師•全家福】復刻65週年國宴第一道菜！5000人的宴會菜，真材實料！| 老飯骨,,https://www.youtube.com/watch?v=CAfk3T43MoA
public_chinese_only,2024-10-01,8:52,KnjWlXb-4gc,"I'll eat well and stay healthy — happy birthday, motherland",我想說：我會好好吃飯，讓身體健健康康！祖國媽媽，祝您生日快樂！| 老飯骨,,https://www.youtube.com/watch?v=KnjWlXb-4gc
public_chinese_only,2024-09-26,6:49,bt2INhVy3zc,State Banquet Master · Home-style sea cucumber,【國宴大師•家常海參】配上米飯，今天貼秋膘！海參好吃的秘訣，全在這個步驟里~ | 老飯骨,,https://www.youtube.com/watch?v=bt2INhVy3zc
public_chinese_only,2024-09-24,6:22,1aVt99cIVDM,State Banquet Master · Stir-fried pork belly,【國宴大師•炒五花肉】這大肉片吃起來過癮！脆香流油，再配點大蒜，味道超絕~| 老飯骨,,https://www.youtube.com/watch?v=1aVt99cIVDM
public_chinese_only,2024-09-21,4:43,HiNnrWGZ_6U,State Banquet Master · Old-style pea-flour cake,【國宴大師•老式豌豆黃】真正50年前的做法，能吃出一點點豌豆粒~綿密沙甜，棗香十足！ | 老飯骨,,https://www.youtube.com/watch?v=HiNnrWGZ_6U
public_chinese_only,2024-09-19,8:32,O4E-oXgFG2M,State Banquet Master · Dry-fried pork tenderloin,【國宴大師•乾炸裡脊】這味道太解饞了！不僅酥脆還有汁水，人人都愛吃，新手也能做~ | 老飯骨,,https://www.youtube.com/watch?v=O4E-oXgFG2M
public_chinese_only,2024-09-12,9:05,S9J-CmN--d4,State Banquet Master · Sesame chicken cutlet,【國宴大師•麻香雞排】上過國宴的炸雞排！外酥里嫩，一口嘎嘣脆！在家也能完美復刻~| 老飯骨,,https://www.youtube.com/watch?v=S9J-CmN--d4
public_chinese_only,2024-09-10,11:34,fCcKsWAY2l8,State Banquet Master · Snowflake scallops,【國宴大師•雪花澳帶】這樣的川菜你吃過嗎？雪白、爽滑、軟糯、勺子挖下去就能感受到的奇妙~ | 老飯骨,,https://www.youtube.com/watch?v=fCcKsWAY2l8
public_chinese_only,2024-09-07,9:08,_MkWXaswk9c,State Banquet Master · Italian balsamic beef short ribs,【國宴大師•意大利黑醋牛肋排】35/斤的牛排骨，教你在家做出高檔餐廳味道！好吃到上癮~| 老飯骨,,https://www.youtube.com/watch?v=_MkWXaswk9c
public_chinese_only,2024-09-05,11:11,OquXNtrQd9E,State Banquet Master · Mid-Autumn mooncakes,【國宴大師•中秋月饼】這塊五仁月餅不一樣！北京面點工匠的獨家配方，奶香十足，吃完從此愛上它~| 老飯骨,,https://www.youtube.com/watch?v=OquXNtrQd9E
public_chinese_only,2024-09-03,32:30,rez4CTPAOVM,Masters teaching offline: season 1 of The Executive Chef's Secret Flavors,國宴大師線下開課啦！不僅有傳承還有創新，《總廚的絕味》第一季比賽太精彩~ | 老飯骨,,https://www.youtube.com/watch?v=rez4CTPAOVM
public_chinese_only,2024-08-29,6:36,ctqm9dJQXYM,State Banquet Master · Cream fried cakes,【國宴大師•奶油炸糕】吃在嘴裡像一朵雲！撒上白糖趁熱吃，幸福感爆棚~ | 老飯骨,,https://www.youtube.com/watch?v=ctqm9dJQXYM
public_chinese_only,2024-08-27,7:49,B9no2ENTfb0,State Banquet Master · Wasabi giant freshwater prawns,【國宴大師•青芥羅氏蝦】好吃到吮手指！蒜蓉油爆加青芥，特別入味，越嚼越香~| 老飯骨,,https://www.youtube.com/watch?v=B9no2ENTfb0
public_chinese_only,2024-08-25,7:08,dmWeJC3_R_o,State Banquet Master · Steak Diane,【國宴大師•戴安娜牛排】1989年從法國大廚那裡學的菜！醬汁蘸什麼都好吃！原汁原味，脂香十足~| 老飯骨,,https://www.youtube.com/watch?v=dmWeJC3_R_o
public_chinese_only,2024-08-22,6:36,gJON0Hk7NNU,State Banquet Master · Ginseng-and-turmeric tonic soup,【國宴大師•參黃養生湯】7小時吊鍋湯，就為了最佳口感！高檔菜新寵，錯過拍大腿~| 老飯骨,,https://www.youtube.com/watch?v=gJON0Hk7NNU
public_chinese_only,2024-08-13,7:23,2EA1uP-3_Z4,State Banquet Master · Braised lamb,【國宴大師•燒羊肉】外酥里爛，肥瘦相間！再蘸點花椒鹽，誰嘗了不說一句香～| 老飯骨,,https://www.youtube.com/watch?v=2EA1uP-3_Z4
public_chinese_only,2024-08-11,6:09,p_YLBE065Xw,State Banquet Master · French cheese-baked potatoes,【國宴大師•法式芝士焗土豆】5個步驟就能搞定！簡單高級又好吃，愛吃芝士別錯過~ | 老飯骨,,https://www.youtube.com/watch?v=p_YLBE065Xw
public_chinese_only,2024-08-08,10:29,Tw3avL6jKWk,State Banquet Master · Pan-fried salmon,【國宴大師•煎三文魚】又香又嫩，味道太絕了！教你用香檳做白汁，七夕節正好露一手~ | 老飯骨,,https://www.youtube.com/watch?v=Tw3avL6jKWk
public_chinese_only,2024-08-06,10:28,QP7np4FjlT4,State Banquet Master · Dropped-eggplant noodles,【國宴大師•茄汆面】料要先炒香，麵條得手擀，滿滿一大碗，幸福感爆滿~ | 老飯骨,,https://www.youtube.com/watch?v=QP7np4FjlT4
public_chinese_only,2024-08-04,4:19,qrnzTtc64ho,State Banquet Master · Apricot shrimp balls,【國宴大師•杏香虾球】愛吃杏的福音！純夏季時令菜，酸酸甜甜，特別開胃~| 老飯骨,,https://www.youtube.com/watch?v=qrnzTtc64ho
public_chinese_only,2024-08-01,7:16,vNkX_XBedyQ,State Banquet Master · Ginger-fried shredded tenderloin,【國宴大師•姜爆里脊絲】還得是它最下飯！口感巨滑嫩，做法還簡單，誰能不愛這盤炒肉絲~| 老飯骨,,https://www.youtube.com/watch?v=vNkX_XBedyQ
public_chinese_only,2024-07-31,3:56,BNNM7Y60PPk,State Banquet Master · Bowl-bowl fish,【國宴大師•鉢鉢魚】川菜廚師長發明的菜！只要3分鐘就學會，吃肉又喝湯，夏天吃特別爽～| 老飯骨,,https://www.youtube.com/watch?v=BNNM7Y60PPk
public_chinese_only,2024-07-30,5:46,8jxlot6aE0k,State Banquet Master · Cuttlefish-egg soup,【國宴大師•烏魚蛋湯】被稱為“國宴第一湯”！柔和、綿長、開胃，湯底調味是關鍵~ | 老飯骨,,https://www.youtube.com/watch?v=8jxlot6aE0k
public_chinese_only,2024-07-25,5:33,ejKL6OQjWpM,State Banquet Master · Crispy fragrant lamb chops,【國宴大師•香酥羊排】來源於人民大會堂的香酥配方！脆嫩又多汁，啃到停不下來~ | 老飯骨,,https://www.youtube.com/watch?v=ejKL6OQjWpM
public_chinese_only,2024-07-24,7:14,9S-r5BY6sFE,State Banquet Master · Kakuni (Japanese braised pork),【國宴大師•豚角煮】日本版的紅燒肉，肥而不膩，吃完一塊想兩塊~ | 老飯骨,,https://www.youtube.com/watch?v=9S-r5BY6sFE
public_chinese_only,2024-07-21,8:08,kjbYinsa2Eg,State Banquet Master · Apple pork chops,【國宴大師•蘋果燴豬排】肉厚多汁，嚼起來簡直太爽！隔着屏幕都擋不住的香氣四溢~ | 老飯骨,,https://www.youtube.com/watch?v=kjbYinsa2Eg
public_chinese_only,2024-07-18,9:00,mQWCk12V2MY,State Banquet Master · Stir-fried leftover red-braised pork,【國宴大師•炒紅燒肉】根本停不下筷子！這紅燒肉會勾魂，口水止不住的流~| 老飯骨,,https://www.youtube.com/watch?v=mQWCk12V2MY
public_chinese_only,2024-07-16,7:03,AshBwc9W_Sc,Recreating Cooking Master Boy's bouncing turtle soup,請國宴大師還原《中華小當家》彈跳甲魚湯！把湯做成玻璃球你敢信嗎？| 老飯骨,,https://www.youtube.com/watch?v=AshBwc9W_Sc
public_chinese_only,2024-07-14,6:17,0S9yJ1GXYNM,State Banquet Master · Crisp fragrant cakes,【國宴大師•脆香餅】黃瓜清爽，雞蛋嫩滑，咬下去全是滿足感！中式輕食原來這麼好吃~| 老飯骨,,https://www.youtube.com/watch?v=0S9yJ1GXYNM
public_chinese_only,2024-07-09,7:04,1-hxJUO03Jg,State Banquet Master · Zongzi-leaf chicken,【國宴大師•粽葉雞】雞腿肉大火蒸18分鐘，味道絕了！精致小巧，满嘴留香，好吃又好看~ | 老飯骨,,https://www.youtube.com/watch?v=1-hxJUO03Jg
public_chinese_only,2024-07-04,6:40,iDl5JZux-HI,State Banquet Master · Fresh-pea sea bass,【國宴大師•鮮豌豆燴鱸魚】直接滑進嘴裡！特別清爽，豆香味十足，還原80年代老味道~| 老飯骨,,https://www.youtube.com/watch?v=iDl5JZux-HI
public_chinese_only,2024-07-02,9:48,DZTxP7i9UGM,State Banquet Master · Douban fish,【國宴大師•豆瓣魚】誰要説這道菜不香，第一個不同意！在家10分鐘搞定，老菜很簡單~ | 老飯骨,,https://www.youtube.com/watch?v=DZTxP7i9UGM
public_chinese_only,2024-06-30,5:34,0TJKFyNkMEY,State Banquet Master · Truffle-salt steak,【國宴大師•松露鹽牛排】3成熟，有血紅肉但不出血，絕對鮮嫩~ 從克羅地亞帶回來的特產！ | 老飯骨,,https://www.youtube.com/watch?v=0TJKFyNkMEY
public_chinese_only,2024-06-27,6:55,ebXweSJ3ZTo,State Banquet Master · Tangerine-peel Hu duck soup,【國宴大師•陳皮胡鴨湯】湯清肉香，看著就覺得爽！特別適合夏天，食材搭配是關鍵~ | 老飯骨,,https://www.youtube.com/watch?v=ebXweSJ3ZTo
public_chinese_only,2024-06-25,10:19,tf5b8Zq_3c8,State Banquet Master · Fruit-flavored fish,【國宴大師•果味魚】酸甜又酥嫩，見汁不見油！記住萬能酥炸糊，在家下廚露一手~ | 老飯骨,,https://www.youtube.com/watch?v=tf5b8Zq_3c8
public_chinese_only,2024-06-24,7:59,kS5lIpVqQtk,State Banquet Master · Garlic bread,【國宴大師•蒜香麵包】國產版葡萄牙麵包！做出發麵餅的感覺，大人小孩都愛吃~ | 老飯骨,,https://www.youtube.com/watch?v=kS5lIpVqQtk
public_chinese_only,2024-06-22,5:59,VuPaUOndo9U,State Banquet Master · Crispy crucian carp,【國宴大師•酥鯽魚】連頭帶尾，連骨帶刺一起吃！酥酥脆脆，蘸點辣椒面絕了～ | 老飯骨,,https://www.youtube.com/watch?v=VuPaUOndo9U
public_chinese_only,2024-06-19,8:49,qLXKIyJqUVA,State Banquet Master · Yu-xiang eggplant,【國宴大師•魚香茄子】從茄子切法到魚香汁，這次全都教會你！巨好吃的老味道，能吃出肉的感覺～ | 老飯骨,,https://www.youtube.com/watch?v=qLXKIyJqUVA
public_chinese_only,2024-06-17,4:02,5aXnQMjLXeY,State Banquet Master · Avocado ice cream,【國宴大師•牛油果冰淇凌】夏天少不了的甜品！超簡單國宴同款，清爽不加奶，口感倍兒棒！| 老飯骨,,https://www.youtube.com/watch?v=5aXnQMjLXeY
public_chinese_only,2024-06-15,9:16,nbR_lpbcdWM,State Banquet Master · Mango black-pepper beef cubes,【國宴大師•芒果黑椒牛肉粒】這可不是黑暗料理！牛肉汁水濃郁，再夾塊芒果解膩，味道太香~| 老飯骨,,https://www.youtube.com/watch?v=nbR_lpbcdWM
public_chinese_only,2024-06-11,9:15,I3ZJqH4l0Tw,State Banquet Master · Claypot rice,【國宴大師•煲仔饭】把這碗飯扔我嘴裡！每個鍋巴都又酥又脆，淋上靈魂料汁，簡直太香~| 老飯骨,,https://www.youtube.com/watch?v=I3ZJqH4l0Tw
public_chinese_only,2024-06-09,8:01,V95DfBcN0J8,State Banquet Master · Long-dragon zongzi,【國宴大師•長龍粽】畬族“非遺”特色美食，最長的粽子有1米！祝大家長長久久，一舉高粽~| 老飯骨,,https://www.youtube.com/watch?v=V95DfBcN0J8
public_chinese_only,2024-06-06,7:03,f_rQGFWl8-g,State Banquet Master · Shandong sea cucumber,【國宴大師•山東海參】頂配版酸辣湯，就著熱氣喝一口，這味道太舒服了~ | 老飯骨,,https://www.youtube.com/watch?v=f_rQGFWl8-g
public_chinese_only,2024-06-04,5:31,DjTpK6gtR3Y,State Banquet Master · Lychee shrimp balls,【國宴大師•荔枝蝦圓】荔枝熟啦！和蝦仁做成“獅子頭”，一咬爆汁，夏天沒胃口就吃它～| 老飯骨,,https://www.youtube.com/watch?v=DjTpK6gtR3Y
public_chinese_only,2024-06-01,7:14,Q3b77qKH9zc,State Banquet Master · French pan-seared steak,【國宴大師•法式扒牛排】在家這樣煎牛排不翻車！滋滋冒響，火候恰到好處~ 學會給家人露一手！| 老飯骨,,https://www.youtube.com/watch?v=Q3b77qKH9zc
public_chinese_only,2024-05-30,8:14,Bm3iequqvw8,State Banquet Master · Red-wine chicken,【國宴大師•紅酒雞】70年代柬埔寨亲王爱吃的菜！酥香濃郁，整雞拆骨學起來～| 老飯骨,,https://www.youtube.com/watch?v=Bm3iequqvw8
public_chinese_only,2024-05-28,7:56,X_JkN6bnCwU,State Banquet Master · Hechuan sliced pork,【國宴大師•合川肉片】最爽的肉片吃法！一秒穿越回30年前，來碗米飯太地道了～| 老飯骨,,https://www.youtube.com/watch?v=X_JkN6bnCwU
public_chinese_only,2024-05-25,5:56,8Tk_2l9W6qg,State Banquet Master · Golden-sprout tofu pot,【國宴大師•金芽菜豆腐煲】吸滿湯汁的豆腐，澆一勺在米飯上，誰能拒絕這樣的美味？ | 老飯骨,,https://www.youtube.com/watch?v=8Tk_2l9W6qg
public_chinese_only,2024-05-23,6:30,vWiHxErHKyk,State Banquet Master · Eggplant mixed noodles,【國宴大師•茄子拌面】現潑花椒油！配上新蒜、黃瓜嗦面咯！是記憶中媽媽的味道～| 老飯骨,,https://www.youtube.com/watch?v=vWiHxErHKyk
public_chinese_only,2024-05-21,7:08,8aW1k03CLHk,State Banquet Master · Roast ribs,【國宴大師•烤肋排】只需3秒奪走你嘴角的眼淚！無碳在家實現低溫慢烤BBQ~| 老飯骨,,https://www.youtube.com/watch?v=8aW1k03CLHk
public_chinese_only,2024-05-16,5:35,XcSBFG_hBCE,State Banquet Master · Dan dan noodles,【國宴大師•擔擔麵】上世紀最傳統的做法長啥樣？在家10分鐘復刻！越拌越香，辣椒油是靈魂！,,https://www.youtube.com/watch?v=XcSBFG_hBCE
public_chinese_only,2024-05-14,9:29,nnbAuEKvxSM,State Banquet Master · Mandarin-fish lion's-head meatballs,【國宴大師•鱖魚獅子頭】像雪融化在舌尖！只用魚肉和馬蹄就能搞定，你一定能學會~| 老飯骨,,https://www.youtube.com/watch?v=nnbAuEKvxSM
public_chinese_only,2024-05-11,6:48,_hJGTfRMBOU,State Banquet Master · French onion soup,【國宴大師•法式洋蔥湯】2顆洋蔥做出一碗治癒人心的暖湯！焦香濃郁，洋蔥軟糯，家庭簡化版做法～| 老飯骨,,https://www.youtube.com/watch?v=_hJGTfRMBOU
public_chinese_only,2024-05-09,6:41,euYcPE71vzk,State Banquet Master · Sesame-sauce cold noodles,【國宴大師•麻醬涼麵】每根面條都裹上麻醬，一嗦滿嘴香！家庭版超簡單做法，方便實惠～| 老飯骨,,https://www.youtube.com/watch?v=euYcPE71vzk
public_chinese_only,2024-05-07,6:13,JgRyQ_G4fuU,State Banquet Master · Laba-garlic pig trotters,【國宴大師•臘八蒜泡豬手】吃著豬手喝著酒，幸福到永久！再來上二兩餃子，簡直絕了~| 老飯骨,,https://www.youtube.com/watch?v=JgRyQ_G4fuU
public_chinese_only,2024-05-04,8:15,BWfGM8MrAQQ,State Banquet Master · Gotu kola sugarcane juice,【國宴大師•雷公根甘蔗汁】清熱解暑！從廣西帶回來的街頭特產！爽口微甜又清新~ | 老飯骨,,https://www.youtube.com/watch?v=BWfGM8MrAQQ
public_chinese_only,2024-04-29,11:32,lRG9WBTZNHU,State Banquet Master · Sprout dropped fresh fish,【國宴大師•芽菜汆鮮魚】奶白醇厚，熬魚湯的秘訣一定要知道！原滋原味太好喝了～| 老飯骨,,https://www.youtube.com/watch?v=lRG9WBTZNHU
public_chinese_only,2024-04-27,4:58,Dfrdzpq7Uz8,Huai Si Jiu Yan opens outside Zhengyangmen,正陽門外宴江南，老飯骨淮四九宴開業啦！來了可不止為了賞味……,,https://www.youtube.com/watch?v=Dfrdzpq7Uz8
public_chinese_only,2024-04-25,7:15,7ZkYpoUrtrU,State Banquet Master · Coriander-fried tripe,【國宴大師•芫爆散丹】做法講究的清真名菜！鮮爽脆嫩，好湯才能出好味，不愧是看家菜！| 老飯骨,,https://www.youtube.com/watch?v=7ZkYpoUrtrU
public_chinese_only,2024-04-23,8:53,8YRl53ZEszY,State Banquet Master · Velveted tenderloin,【國宴大師•滑溜里脊】傳承百年的咸鮮滋味！鮮嫩爽滑，沒牙的老太太也能吃！| 老飯骨,,https://www.youtube.com/watch?v=8YRl53ZEszY
public_chinese_only,2024-04-18,8:11,NQaF3D5XkcQ,A small stove for students at China Agricultural University,到「中國農業大學」給學生“開小竈”！真的只是好吃億點點~ | 老飯骨,,https://www.youtube.com/watch?v=NQaF3D5XkcQ
public_chinese_only,2024-04-11,9:12,bYP6xQyLJXo,State Banquet Master · Sugar-oil cakes,【國宴大師•糖油餅】圍在鍋邊流口水，酥香焦黃淡淡甜！憑手感才能炸好，快來挑戰一下～| 老飯骨,,https://www.youtube.com/watch?v=bYP6xQyLJXo
public_chinese_only,2024-04-09,8:53,gIQ8MKvw2Xg,State Banquet Master · Three-cup chicken,【國宴大師•三杯雞】還原國宴的做法！色澤紅潤，明汁亮芡，每一口都香醇美味～| 老飯骨,,https://www.youtube.com/watch?v=gIQ8MKvw2Xg
public_chinese_only,2024-04-02,14:26,xwJf2J5SFd0,State Banquet Master · Clear-broth lion's-head meatballs,【國宴大師•清燉獅子頭】花13個小時做道一抿就化的獅子頭！湯鮮、肉香、滑嫩Q彈~ | 老飯骨,,https://www.youtube.com/watch?v=xwJf2J5SFd0
public_chinese_only,2024-03-30,11:32,UEW89Cv68SA,State Banquet Master · Prawns two ways,【國宴大師•兩吃蝦】有甜有鹹，來挑你愛吃的！酥香掉渣，酸甜Q彈~好吃又好看！| 老飯骨,,https://www.youtube.com/watch?v=UEW89Cv68SA
public_chinese_only,2024-03-26,16:24,6hXLeH6_L-Y,State Banquet Master · Stock-making (diao tang),【國宴大師•吊汤】絕對有含金量的詳細教程！高檔菜都靠這碗湯，湯清如茶，滿口掛香！| 老飯骨,,https://www.youtube.com/watch?v=6hXLeH6_L-Y
public_chinese_only,2024-03-21,12:02,fDHyq0eD3PI,State Banquet Master · Braised picked fish head,【國宴大師•拆燴魚頭】真·技術手藝活兒！吃不到魚骨的魚頭湯，湯汁鮮美又濃郁！| 老飯骨,,https://www.youtube.com/watch?v=fDHyq0eD3PI
public_chinese_only,2024-03-19,11:58,gNjNO0HHxI4,State Banquet Master · Purple dragon sheds its robe,【國宴大師•紫龍脫袍】快要失傳的大名菜，學到就是賺到！香氣飄滿整條街~ | 老飯骨,,https://www.youtube.com/watch?v=gNjNO0HHxI4
public_chinese_only,2024-03-18,6:46,kxwN7EIN5NA,State Banquet Master · Fried flat meatballs,【國宴大師•炸扁丸子】咬一口滿嘴香氣！內藏乾坤的老式小吃，酥酥脆脆吃不夠~ | 老飯骨,,https://www.youtube.com/watch?v=kxwN7EIN5NA
public_chinese_only,2024-03-14,12:11,qkjLHArTEHY,State Banquet Master · Clear tomato beef stew,【國宴大師•清燉番茄牛肉】湯汁清爽香醇，牛肉軟爛鮮嫩！在家輕鬆搞定，簡單又高級！| 老飯骨,,https://www.youtube.com/watch?v=qkjLHArTEHY
public_chinese_only,2024-03-12,7:07,f9FrFfvQ9T4,State Banquet Master · Salt-fried pork,【國宴大師•鹽煎肉】10分鐘快手家常菜！鍋氣十足，焦香爆油！連皮帶肉吃太爽了~ | 老飯骨,,https://www.youtube.com/watch?v=f9FrFfvQ9T4
public_chinese_only,2024-03-11,5:30,_YrMiN7xHpc,State Banquet Master · Granny's stir-fried cabbage,【國宴大師•老奶奶炒白菜】一棵大白菜加五花肉，家常下飯神器！經濟實惠還美味！| 老飯骨,,https://www.youtube.com/watch?v=_YrMiN7xHpc
public_chinese_only,2024-03-07,11:19,l-k8SComCkE,State Banquet Master · Beijing chaogan,【國宴大師•炒肝】老北京必不可少的靈魂早餐，這味道可真上頭！| 老飯骨,,https://www.youtube.com/watch?v=l-k8SComCkE
public_chinese_only,2024-03-05,10:25,Pxq4hBIyyL4,State Banquet Master · Boiled beef in chili broth,【國宴大師•水煮牛肉】從切牛肉開始教你！每片肉都酥香、麻辣、鮮嫩！誰能抵抗這盤米飯殺手？| 老飯骨,,https://www.youtube.com/watch?v=Pxq4hBIyyL4
public_chinese_only,2024-03-02,6:09,gNxJwD37Qv0,State Banquet Master · Scallion-chili spare ribs,【國宴大師•蔥辣小排】用蔥燒海參的方法做排骨，饞得晚上睡不著覺！味道微微辣，越啃越香~ | 老飯骨,,https://www.youtube.com/watch?v=gNxJwD37Qv0
public_chinese_only,2024-02-29,6:38,pD8rrp6ijP0,State Banquet Master · White-broth lamb spine,【國宴大師•白湯羊蠍子】吃肉又喝湯，軟爛鮮香太舒服了！原汁原味，經典北京美食！| 老飯骨,,https://www.youtube.com/watch?v=pD8rrp6ijP0
public_chinese_only,2024-02-27,7:58,PwTNrOUOol8,State Banquet Master · Garlic pig trotters,【國宴大師•蒜香豬蹄】外酥裏糯，啃一口滿滿膠原蛋白！口水不爭氣地流下來了！| 老飯骨,,https://www.youtube.com/watch?v=PwTNrOUOol8
public_chinese_only,2024-02-22,9:58,dLCOs8NDROo,State Banquet Master · Knife-cut noodles,【國宴大師•刀削麵】不愧是中國五大麵食之一！這碗山西刀削麵，我先嗦為敬~ | 老飯骨,,https://www.youtube.com/watch?v=dLCOs8NDROo
public_chinese_only,2024-02-19,8:18,ZcsjDn83mRM,State Banquet Master · Atractylodes pork-stomach congee,【國宴大師•白朮豬肚粥】喝完渾身都舒服！熱乎乎滿嘴清香，節後來點清淡的~ | 老飯骨,,https://www.youtube.com/watch?v=ZcsjDn83mRM
public_chinese_only,2024-02-14,5:25,1QDQhl5SFFo,State Banquet Master · Salt-and-pepper shrimp,【國宴大師•椒鹽蝦】龍騰四海！過年飯桌上少不了這道蝦！外酥里嫩，好吃又簡單~ | 老飯骨,,https://www.youtube.com/watch?v=1QDQhl5SFFo
public_chinese_only,2024-02-10,8:06,WiqvBN28Bas,State Banquet Master · Nian gao (New Year rice cake),【國宴大師•年糕】大年初一吃年糕咯！煎著吃蘸白糖，味道倍兒棒！祝大家新年快樂節節高！| 老飯骨,,https://www.youtube.com/watch?v=WiqvBN28Bas
public_chinese_only,2024-02-08,7:35,EQpDcs87zPY,State Banquet Master · Lucky lantern prawns,【國宴大師•吉祥燈籠蝦】洗蝦仁小妙招！氛圍感滿滿的吉祥菜~ 好吃好看還喜慶！| 老飯骨,,https://www.youtube.com/watch?v=EQpDcs87zPY
public_chinese_only,2024-02-06,5:06,4_KyBokHdb8,State Banquet Master · Fruit-juice shrimp balls,【國宴大師•果汁蝦球】酸甜Q彈特別開胃，小孩看到都流口水！做法還簡單！嘴裡沒味就吃它！| 老飯骨,,https://www.youtube.com/watch?v=4_KyBokHdb8
public_chinese_only,2024-02-04,5:49,_0ZNQQv5Tns,State Banquet Master · Fried paicha,【國宴大師•炸排叉】一咬嘎嘣脆，5分鐘就學會！老北京傳統小吃，過年備點當零食啃~ | 老飯骨,,https://www.youtube.com/watch?v=_0ZNQQv5Tns
public_chinese_only,2024-02-02,6:10,T_ppT-Iw6Fc,State Banquet Master · Crispy yellow eggs,【國宴大師•酥黃菜】哈爾濱傳統老菜拔絲雞蛋，綿軟酥脆甜糯，過年小孩都搶著吃！| 老飯骨,,https://www.youtube.com/watch?v=T_ppT-Iw6Fc
public_chinese_only,2024-02-01,17:11,J0ca-MEDWRE,LaoFanGu turns 5 — five years at the stove,今天是2月1日，老飯骨5歲了！ 七尺灶台，五載陪伴，感恩小飯骨~,,https://www.youtube.com/watch?v=J0ca-MEDWRE
public_chinese_only,2024-01-30,5:14,2oxzwjp39Fs,State Banquet Master · Slow-braised beef,【國宴大師•煨牛肉】牛肉邊角料不要丟，按著這個方法也能做出大硬菜，下飯一絕~ | 老飯骨,,https://www.youtube.com/watch?v=2oxzwjp39Fs
public_chinese_only,2024-01-25,7:13,ozdlwn67xhM,State Banquet Master · Candied rolled fruit,【國宴大師•糖卷果】過年必備的餐桌甜品！濃濃棗香，軟糯甜蜜還不膩~ | 老飯骨,,https://www.youtube.com/watch?v=ozdlwn67xhM
public_chinese_only,2024-01-23,7:56,WdosQpttnlI,State Banquet Master · Auspicious fish,【國宴大師•吉慶有魚】臘月吃魚年味濃！喜慶又吉祥，雪白細嫩鮮美，和大媽一起做起來！| 老飯骨,,https://www.youtube.com/watch?v=WdosQpttnlI
public_chinese_only,2024-01-20,6:48,tWua45ypfe0,State Banquet Master · Abalone-sauce Buddha jumps over the wall,【國宴大師•鮑汁佛跳牆】在家就能做進階版佛跳牆，新年就得來點豪橫的，一次吃到爽！| 老飯骨,,https://www.youtube.com/watch?v=tWua45ypfe0
public_chinese_only,2024-01-19,7:25,OnLc51bBZFE,State Banquet Master · Four-joy meatballs,【國宴大師•四喜丸子】北京飯店傳統味道，酥嫩多汁，回味無窮，在家做也一樣鮮~ | 老飯骨,,https://www.youtube.com/watch?v=OnLc51bBZFE
public_chinese_only,2024-01-17,3:56,duuIiF0YyGA,State Banquet Master · Laba garlic,【國宴大師•臘八蒜】初八泡蒜啦！保姆級簡單教程，保證能學會，臘月間的儀式感~ | 老飯骨,,https://www.youtube.com/watch?v=duuIiF0YyGA
public_chinese_only,2024-01-16,7:30,T2ttE8KSwJQ,State Banquet Master · Liubiju stir-fried pickled melon,【國宴大師•六必居炒醬瓜】一吃年味就來了！爽脆、醬香、酯香，有記憶還有情懷！| 老飯骨,,https://www.youtube.com/watch?v=T2ttE8KSwJQ
public_chinese_only,2024-01-13,12:23,Ealk_a4Hdho,State Banquet Master · Golden-soup Buddha jumps over the wall,【國宴大師•金湯佛跳墻】每一口都讓你魂牽夢縈！春節大菜硬核做法，視覺味覺都是享受~ | 老飯骨,,https://www.youtube.com/watch?v=Ealk_a4Hdho
public_chinese_only,2024-01-11,4:56,HRe1GUx4KkU,State Banquet Master · Pickled cabbage with pork,【國宴大師•酸菜白肉】在家這麼做，味道比飯店還好！咕嘟咕嘟的砂鍋菜，冬天最治癒！| 老飯骨,,https://www.youtube.com/watch?v=HRe1GUx4KkU
public_chinese_only,2024-01-09,11:46,7cC48VVxKRg,State Banquet Master · Jade-hairpin shrimp balls,【國宴大師•玉簪蝦球】最精緻的蝦球做法！國際大賽金獎菜！爽脆清香雅致，在家也能復刻~ | 老飯骨,,https://www.youtube.com/watch?v=7cC48VVxKRg
public_chinese_only,2024-01-07,8:20,Z9hjl67Uk1w,State Banquet Master · What to sauce for New Year,【國宴大師•過年醬點啥】春節醬貨秘籍！從0到1全學會，肘子豬蹄牛肉，醬啥都香~ | 老飯骨,,https://www.youtube.com/watch?v=Z9hjl67Uk1w
public_chinese_only,2024-01-05,7:13,ZPKJnFe1gp8,State Banquet Master · Beef potstickers,【國宴大師•牛肉鍋貼】煎煮合一，香酥可口！牛肉餡兒是靈魂！萬能打餡兒方法，一定要學會~ | 老飯骨,,https://www.youtube.com/watch?v=ZPKJnFe1gp8
public_chinese_only,2024-01-04,11:05,-OLL3Ks9OUg,State Banquet Master · Tonic lamb chops,【國宴大師•養生羊排】專家來了！吃羊肉喝羊湯，不上火的秘密都在這！ | 老飯骨,,https://www.youtube.com/watch?v=-OLL3Ks9OUg
public_chinese_only,2024-01-02,6:21,5SkBbrR5jYw,State Banquet Master · Xiaolong beef,【國宴大師•小籠牛肉】香糯誘人，軟爛油潤！蒸著吃的硬菜，解饞又有營養！| 老飯骨,,https://www.youtube.com/watch?v=5SkBbrR5jYw
public_chinese_only,2023-12-28,6:45,dQqQBkt6DGQ,State Banquet Master · Vinegar-fried cabbage,【國宴大師•醋溜白菜】家常火候菜，下锅1分钟搞定！爽脆开胃，今晚下饭就选它~ | 老飯骨,,https://www.youtube.com/watch?v=dQqQBkt6DGQ
public_chinese_only,2023-12-26,6:10,cNBpe34cXfg,State Banquet Master · Stir-fried millet tea,【國宴大師•炒面茶】北京小孩的童年美味！醇香濃厚，熱乎香噴噴！一勺回味無窮 | 老飯骨,,https://www.youtube.com/watch?v=cNBpe34cXfg
public_chinese_only,2023-12-23,7:31,xzsymER_DH0,State Banquet Master · Private-kitchen lamb,【國宴大師•私房羊肉】獨特複合香味！不老不柴，口感酥嫩，香到停不下嘴巴~ | 老飯骨,,https://www.youtube.com/watch?v=xzsymER_DH0
public_chinese_only,2023-12-21,5:56,ZXqOW07_u_s,State Banquet Master · Private-kitchen shredded potato,【國宴大師•私房土豆絲】5分鐘在家搞定！進階版土豆絲，做出高級感，下飯一絕！| 老飯骨,,https://www.youtube.com/watch?v=ZXqOW07_u_s
public_chinese_only,2023-12-19,9:27,Y-jBkvODIMs,State Banquet Master · Tripe thirteen ways,【國宴大師•爆肚十三吃】百年四代傳承，極品下酒菜！越嚼越香，脆嫩爽口吃不夠！| 老飯骨,,https://www.youtube.com/watch?v=Y-jBkvODIMs
public_chinese_only,2023-12-16,5:04,UVQwAKil1L0,State Banquet Master · Home-style roast meat,【國宴大師•家常烤肉】普通炒鍋也能做出焦香味！原汁原味，香味四溢，最簡單的做法！| 老飯骨,,https://www.youtube.com/watch?v=UVQwAKil1L0
public_chinese_only,2023-12-12,6:26,4FM_g7AmPQk,State Banquet Master · Flash-fried two meats,【國宴大師•爆兩樣】大火爆炒20秒，別提多香了！爽滑鹹鮮老味道，上桌筷子停不下來！| 老飯骨,,https://www.youtube.com/watch?v=4FM_g7AmPQk
public_chinese_only,2023-12-10,6:10,j9YKAsy0ASY,Chat with the masters: apprentice years,和老飯骨大師一起聊聊天！回憶那些年學徒的日子,,https://www.youtube.com/watch?v=j9YKAsy0ASY
public_chinese_only,2023-12-09,6:43,SYf3Wx9GW8w,State Banquet Master · Cumin lamb,【國宴大師•孜然羊肉】比羊肉串好吃N倍！靈魂下酒菜，告別燒烤攤~ | 老飯骨,,https://www.youtube.com/watch?v=SYf3Wx9GW8w
public_chinese_only,2023-12-07,10:14,qFIcrsKhhhM,State Banquet Master · Braised pork strips,【國宴大師•扒肉條】最強醃肉配方！汁多味足，唇齒留香，滿嘴都是故事~| 老飯骨,,https://www.youtube.com/watch?v=qFIcrsKhhhM
public_chinese_only,2023-12-05,9:30,l-aTFrsIVOA,State Banquet Master · Mapo tofu,【國宴大師•麻婆豆腐】全網不一樣！前門飯店幾代人傳承下來的做法，酒店版的麻婆豆腐 | 老飯骨,,https://www.youtube.com/watch?v=l-aTFrsIVOA
public_chinese_only,2023-12-02,7:06,kKGoeBkxcoc,State Banquet Master · Sweet-and-sour spare ribs,【國宴大師•糖醋排骨】教你快速洗排骨！酸甜適口，微帶果香，老人小孩都愛吃！| 老飯骨,,https://www.youtube.com/watch?v=kKGoeBkxcoc
public_chinese_only,2023-11-30,9:22,SPqmUt9tqds,State Banquet Master · Steamed crispy chicken,【國宴大師•蒸酥雞】送給母親的菜！酥爛軟糯，淡淡甜蜜，養生好吃又簡單！| 老飯骨,,https://www.youtube.com/watch?v=SPqmUt9tqds
public_chinese_only,2023-11-28,9:07,DiduYeEfu-c,State Banquet Master · Crystal radish balls,【國宴大師•水晶蘿蔔丸】大媽來啦！二伯現場教學養生小菜，好吃易操作，祝大媽開開心心、健健康康！| 老飯骨,,https://www.youtube.com/watch?v=DiduYeEfu-c
public_chinese_only,2023-11-25,6:17,ijbgDMerZ4M,State Banquet Master · Radish lamb-chop stew,【國宴大師•蘿蔔燉羊排】家常版做法！鮮味秘訣在三椒，喝完第一碗想來第二碗~ | 老飯骨,,https://www.youtube.com/watch?v=ijbgDMerZ4M
public_chinese_only,2023-11-23,6:30,HLl4UraRiUA,State Banquet Master · Dry-fried meatballs,【國宴大師•干炸丸子】聽聲音都覺得酥脆無比！5分鐘就學會，味道不輸大飯店！| 老飯骨,,https://www.youtube.com/watch?v=HLl4UraRiUA
public_chinese_only,2023-11-21,9:14,oaYjZj2cGr0,State Banquet Master · Abalone red-braised pork,【國宴大師•鮑魚紅燒肉】一口直擊靈魂！軟糯香甜，紅亮誘人，會融化在嘴裡的美味 | 老飯骨,,https://www.youtube.com/watch?v=oaYjZj2cGr0
public_chinese_only,2023-11-18,6:21,aRvk20MHF9Y,State Banquet Master · Yangchun noodles,【國宴大師•陽春麵】湯清澈，面爽滑！來碗熱氣騰騰陽春麵！一口回到陽春三月~ | 老飯骨,,https://www.youtube.com/watch?v=aRvk20MHF9Y
public_chinese_only,2023-11-16,17:59,sbbSbVn9Xiw,State Banquet Master · Eight-treasure gourd duck,【國宴大師•八寶葫蘆鴨】只有皮沒有肉，醬香回甜，軟糯入味，盡顯淮揚菜精緻工藝！| 老飯骨,,https://www.youtube.com/watch?v=sbbSbVn9Xiw
public_chinese_only,2023-11-15,4:35,YNfR3TaZXSk,Kitchen theory: fundamentals before soul,老飯骨聊廚師理論知識！沉下心學好基本功，才能給廚藝注入靈魂~,,https://www.youtube.com/watch?v=YNfR3TaZXSk
public_chinese_only,2023-11-14,9:54,8_QPds2X-1Q,Visit to the Huaiyang cuisine museum,老飯骨淮揚菜博物館遊記！深厚的底蘊，說不盡的故事和感慨,,https://www.youtube.com/watch?v=8_QPds2X-1Q
public_chinese_only,2023-11-11,4:29,X0DLAIM6O8s,State Banquet Master · Er Bo's drunken crab,【國宴大師•二伯醉蟹】三種風味三種鮮甜！二伯的秘方來了！酒香果香馥郁，回味無窮！,,https://www.youtube.com/watch?v=X0DLAIM6O8s
public_chinese_only,2023-11-07,8:43,kLDeMxXRf5w,State Banquet Master · Master Hou's drunken crab,【國宴大師•侯爺醉蟹】滿滿的蟹黃，濃濃的酒香！再配點小菜，直接香迷糊了~ | 老飯骨,,https://www.youtube.com/watch?v=kLDeMxXRf5w
public_chinese_only,2023-11-04,8:11,Oy9n_x2wEsU,State Banquet Master · Huai shan four treasures,【國宴大師•淮山四寶】秋季養生湯！潤肺滋補暖身子，湯清、味濃，喝一口渾身都舒服！| 老飯骨,,https://www.youtube.com/watch?v=Oy9n_x2wEsU
public_chinese_only,2023-11-02,10:55,NpRpdmcboG4,State Banquet Master · Hometown tofu,【國宴大師•家鄉豆腐】家常又下飯，比肉還好吃！記憶中媽媽的味道！沒胃口就吃它 | 老飯骨,,https://www.youtube.com/watch?v=NpRpdmcboG4
public_chinese_only,2023-10-31,12:34,L4DQ1HBfqG8,State Banquet Master · Smoked-and-sauced trotters,【國宴大師•熏醬豬蹄】一滴醬油都不加！關鍵在於炒糖色，Q糯又入味，越啃越香！| 老飯骨,,https://www.youtube.com/watch?v=L4DQ1HBfqG8
public_chinese_only,2023-10-30,4:28,QpHBICBfuVg,LaoFanGu in Chaozhou · Episode 4,【老飯骨潮州行•第四集】6個人用6年時間去雕刻一個作品，匠心傳承，心裏眼裏都是海 | 老飯骨,,https://www.youtube.com/watch?v=QpHBICBfuVg
public_chinese_only,2023-10-28,7:02,yTfOATqUniQ,State Banquet Master · Thai shrimp cakes,【國宴大師•泰式蝦餅】每一口都爆汁！蝦肉Q彈鮮嫩，在家做起來，一盤都不夠吃！| 老飯骨,,https://www.youtube.com/watch?v=yTfOATqUniQ
public_chinese_only,2023-10-26,12:38,MfMOvOGmbjE,State Banquet Master · Beijing shredded pork (jing jiang rou si),【國宴大師•京醬肉絲】真正的老味道，肉香蔥香滿嘴飄！甜鹹交織，口感滑嫩！ | 老飯骨,,https://www.youtube.com/watch?v=MfMOvOGmbjE
public_chinese_only,2023-10-24,6:48,Axu6AL7qcEw,State Banquet Master · Salt-grilled chicken strips,【國宴大師•鹽燒風味雞柳】二伯改良南國地域風情！外酥里嫩，咸鮮香濃，饞哭隔壁小孩！| 老飯骨,,https://www.youtube.com/watch?v=Axu6AL7qcEw
public_chinese_only,2023-10-22,5:57,j750lbydUtA,State Banquet Master · Sizzling chicken claypot,【國宴大師•啫啫雞煲】香嫩可口、入味深厚！原滋原味的經典粵菜！雞皮都是香的！| 老飯骨,,https://www.youtube.com/watch?v=j750lbydUtA
public_chinese_only,2023-10-19,9:19,d4vzmqyX8Bg,State Banquet Master · Three-pepper lamb chops,【國宴大師•三椒羊排】香到流口水！軟爛脫骨，椒麻香辣！湯底才是精華 | 老飯骨,,https://www.youtube.com/watch?v=d4vzmqyX8Bg
public_chinese_only,2023-10-17,11:57,AYR_aJZw9dY,State Banquet Master · Yellow-braised squab,【國宴大師•黃燜乳鴿】70年代的國宴菜！工不厭細，食不厭精，味道是王道 | 老飯骨,,https://www.youtube.com/watch?v=AYR_aJZw9dY
public_chinese_only,2023-10-14,6:14,pLwoomU2pr8,State Banquet Master · Dropped-lamb noodles,【國宴大師•羊肉汆面】兩種做法都簡單！羊肉嫩滑，湯汁鮮美，香滑滋潤秋季必吃！| 老飯骨,,https://www.youtube.com/watch?v=pLwoomU2pr8
public_chinese_only,2023-10-12,8:19,I52nN86uhO0,State Banquet Master · Hand-eaten pilaf (zhua fan),【國宴大師•手抓飯】家庭版新疆羊肉抓飯！電飯煲就可以完成，至少三碗起步！| 老飯骨,,https://www.youtube.com/watch?v=I52nN86uhO0
public_chinese_only,2023-10-10,8:53,eok8JVp7lTQ,LaoFanGu in Chaozhou · Episode 2,【老飯骨潮州行•第二集】父輩傳下來的滷鵝手藝！油亮咸鮮，香味四溢！二伯都忍不住流口水,,https://www.youtube.com/watch?v=eok8JVp7lTQ
public_chinese_only,2023-10-09,2:34,vQ6uBRfXTfs,LaoFanGu in Chaozhou · Episode 1,【老飯骨潮州行•第一集】堅守30年的路邊鹹水粿小攤，只為做好一件事，真正的匠人精神！,,https://www.youtube.com/watch?v=vQ6uBRfXTfs
public_chinese_only,2023-10-07,4:57,wQ0TBkdNodU,State Banquet Master · Thai green papaya salad,【國宴大師•泰式青木瓜沙拉】清脆爽口特別解膩，5分鐘就學會！餐桌上必備的小涼菜 | 老飯骨,,https://www.youtube.com/watch?v=wQ0TBkdNodU
public_chinese_only,2023-10-03,13:05,BzdD-UIjy-k,State Banquet Master · Lotus-stem bridge,【國宴大師•藕帶橋頭】二伯侯老師下塘挖藕！藕絲作花蕊、藕帶作橋梁，餐桌上的荷塘美景！| 老飯骨,,https://www.youtube.com/watch?v=BzdD-UIjy-k
public_chinese_only,2023-09-30,3:06,Oo3TGU25-Hc,How LaoFanGu was forged: remembering Er Bo's teacher Tuo Dailiang,老飯骨是怎樣煉成的？回憶二伯師父庹代良 | 老飯骨,,https://www.youtube.com/watch?v=Oo3TGU25-Hc
public_chinese_only,2023-09-28,8:07,iS0j-SvjEM0,"Chef Ma's lineage gathering: six disciples, six halal cuisines",馬老師的師門會！6個徒弟做6個菜繫的清真菜！青出於藍而勝於藍，真正解讀守正創新 | 老飯骨,,https://www.youtube.com/watch?v=iS0j-SvjEM0
public_chinese_only,2023-09-26,8:21,otv6E4gQojA,State Banquet Master · Honey ham,【國宴大師•蜜汁火方】50年前的國宴硬菜！鹹甜交織，甜蜜誘人！嘗一口忘不了的味道！| 老飯骨,,https://www.youtube.com/watch?v=otv6E4gQojA
public_chinese_only,2023-09-23,4:52,OrkuO5wx9Vw,State Banquet Master · Wasabi shrimp balls,【國宴大師•芥末蝦球】蝦球兩吃，調糊是關鍵！好吃好看還好做，別提多香了！| 老飯骨,,https://www.youtube.com/watch?v=OrkuO5wx9Vw
public_chinese_only,2023-09-21,7:28,GnmKWqANpEw,State Banquet Master · Shaped mini chilies,【國宴大師•象形小辣椒】形似、神似、味似！微辣又好看，這次據說很簡單！你能學會嗎？| 老飯骨,,https://www.youtube.com/watch?v=GnmKWqANpEw
public_chinese_only,2023-09-19,9:20,M2NrkJ1TEos,State Banquet Master · Honey pork hock,【國宴大師•蜜汁肘子】軟糯香甜一抿就化！爛乎又多汁，聞著就抵擋不了誘惑！調料簡單到極致！ | 老飯骨,,https://www.youtube.com/watch?v=M2NrkJ1TEos
public_chinese_only,2023-09-16,9:53,FU9otRZ2dkM,State Banquet Master · Taiwanese lu rou fan,【國宴大師•寶島滷肉飯】醬汁拌飯能吃三碗！細膩入味，軟爛濃郁！記住一定要用這兩種小料！| 老飯骨,,https://www.youtube.com/watch?v=FU9otRZ2dkM
public_chinese_only,2023-09-14,12:00,QLEXwYdIgoU,State Banquet Master · Vegetarian lion's-head meatballs,【國宴大師•素獅子頭】清爽鮮香，細嫩美味！先炸再蒸最後燒，比肉還好吃！ | 老飯骨,,https://www.youtube.com/watch?v=QLEXwYdIgoU
public_chinese_only,2023-09-12,12:00,nby6F_VzTWo,State Banquet Master · Grassland two fish,【國宴大師•草原雙魚】在草原就地取材！燉魚肉，喝魚湯！濃香奶白，舌尖上最極致的鮮！ | 老飯骨,,https://www.youtube.com/watch?v=nby6F_VzTWo
public_chinese_only,2023-09-07,12:30,DkYAk0johQQ,LaoFanGu grassland vlog,老飯骨草原之行VLOG！走出廚房，面向群眾，讓廚藝之道展翅高飛！ | 老飯骨,,https://www.youtube.com/watch?v=DkYAk0johQQ
public_chinese_only,2023-09-05,5:40,j1WKqNw6ih0,State Banquet Master · Douban chili spare ribs,【國宴大師•豆椒排骨】師父傳下來的老味道！軟爛入味，唇齒留香，蒸排骨的萬能調汁，一定要學會！ | 老飯骨,,https://www.youtube.com/watch?v=j1WKqNw6ih0
public_chinese_only,2023-09-02,6:11,qPIsM0vfvDM,State Banquet Master · Oyster-sauce beef,【國宴大師•蠔油牛肉】咬一口爽滑鮮嫩！明汁亮芡！醃肉的配方一定要把握好！| 老飯骨,,https://www.youtube.com/watch?v=qPIsM0vfvDM
public_chinese_only,2023-08-31,5:26,9-eHZs2VTjI,State Banquet Master · Blueberry yam,【國宴大師•藍莓山藥】攤牌了！二伯是藍莓山藥發明人！原版正统做法，甘潤香甜，老少皆宜！| 老飯骨,,https://www.youtube.com/watch?v=9-eHZs2VTjI
public_chinese_only,2023-08-29,11:50,vh1i2zYQfqM,State Banquet Master · Water-shield fish-ball soup,【國宴大師•蓴菜魚圓湯】乾隆也愛吃！入口即化，鮮美爽滑！食材簡單方便，在家輕鬆搞定！| 老飯骨,,https://www.youtube.com/watch?v=vh1i2zYQfqM
public_chinese_only,2023-08-26,8:33,tl_S0c3Fw7Q,State Banquet Master · Braised picked fish head,【國宴大師•拆燴魚頭】拆其型，燴其味，淮揚名菜！明汁亮芡，細嫩Q彈，念念不忘！| 老飯骨,,https://www.youtube.com/watch?v=tl_S0c3Fw7Q
public_chinese_only,2023-08-24,10:52,nVFE4PZZC6c,State Banquet Master · Crab-roe soup dumplings,【國宴大師•蟹黃大湯包】皮薄而有彈性，餡料鮮美汁足！揚州實地看、現場學！| 老飯骨,,https://www.youtube.com/watch?v=nVFE4PZZC6c
public_chinese_only,2023-08-22,9:37,L0_4xSTVeNw,State Banquet Master · Spicy braised duck wings,【國宴大師•辣滷鴨翅】麻辣鹹香，熟爛入味，下酒好菜！連鴨骨頭都是香的！| 老飯骨,,https://www.youtube.com/watch?v=L0_4xSTVeNw
public_chinese_only,2023-08-19,6:16,yrz42LvAYA8,State Banquet Master · Curry crab,【國宴大師•咖哩蟹】蟹肉鮮肥細嫩，咖哩醬濃清香！做法滿滿都是細節！| 老飯骨,,https://www.youtube.com/watch?v=yrz42LvAYA8
public_chinese_only,2023-08-17,6:49,8Rx1Q7Qa4_w,State Banquet Master · Soft-fried tenderloin,【國宴大師•軟炸里脊】軟滑細嫩，綿軟Q彈，老人小孩都愛吃！火候很關鍵！| 老飯骨,,https://www.youtube.com/watch?v=8Rx1Q7Qa4_w
public_chinese_only,2023-08-15,10:44,aywi41LPacQ,State Banquet Master · Stuffed bitter melon,【國宴大師•釀苦瓜】肉鮮Q彈，苦瓜脆嫩！口感、味道雙重驚艷，夏天必吃！| 老飯骨,,https://www.youtube.com/watch?v=aywi41LPacQ
public_chinese_only,2023-08-12,8:20,txqoxw6laB0,State Banquet Master · Chicken-cream white fungus,【國宴大師•雞蓉銀耳】肉汁飽滿，口感豐富，老少皆宜！食材簡單，做法也簡單！| 老飯骨,,https://www.youtube.com/watch?v=txqoxw6laB0
public_chinese_only,2023-08-10,6:58,oi2w5d5pKd4,State Banquet Master · Sanbuzhan (sweet egg custard),【國宴大師•三不沾】滑嫩糯香，最正宗做法！掌握好配比和火候，在家也能做！| 老飯骨,,https://www.youtube.com/watch?v=oi2w5d5pKd4
public_chinese_only,2023-08-08,4:27,FRPO6raXU_E,State Banquet Master · Chicken-juice apple luffa,【國宴大師•雞汁蘋果絲瓜】鮮香滑嫩脆，營養又好吃！簡單易做的快手家常菜！| 老飯骨,,https://www.youtube.com/watch?v=FRPO6raXU_E
public_chinese_only,2023-08-05,10:11,Pygw9oz0uXI,State Banquet Master · Pot-smothered beef,【國宴大師•罐燜牛肉】湯濃肉爛，入口即化！唇齒留香，欲罷不能！| 老飯骨,,https://www.youtube.com/watch?v=Pygw9oz0uXI
public_chinese_only,2023-08-03,12:08,D642hlF-Fpc,State Banquet Master · Numbing-pepper chicken,【國宴大師•椒麻雞】雞肉香麻軟嫩，雞湯唇齒留香！這紅油夠勁！簡直無法抗拒！| 老飯骨,,https://www.youtube.com/watch?v=D642hlF-Fpc
public_chinese_only,2023-08-01,5:45,cgBtGa4l9dM,State Banquet Master · Braised eggplant,【國宴大師•燒茄子】軟綿滑嫩，蒜香濃郁，比肉還好吃！這菜拿來下飯，超級香！| 老飯骨,,https://www.youtube.com/watch?v=cgBtGa4l9dM
public_chinese_only,2023-07-30,6:06,i0a3CHG4yHw,State Banquet Master · Fresh-pea rice-flour steamed fish cubes,【國宴大師•鮮豌豆粉蒸魚丁】咸鮮香微辣！這樣吃魚，有肉有豆有主食，一餐全部搞定！| 老飯骨,,https://www.youtube.com/watch?v=i0a3CHG4yHw
public_chinese_only,2023-07-25,8:13,44oKw1AswBc,State Banquet Master · Palace red-braised pork,【國宴大師•宮廷紅燒肉】紅燒肉裡加水果，不柴不膩巨下飯！上過國宴的宮廷方子！| 老飯骨,,https://www.youtube.com/watch?v=44oKw1AswBc
public_chinese_only,2023-07-22,5:02,IllD42ZoKGg,State Banquet Master · Beef with scrambled egg,【國宴大師•滑蛋牛肉】牛肉怎麼醃製？雞蛋怎樣又熟又嫩？超完美的家庭做法！| 老飯骨,,https://www.youtube.com/watch?v=IllD42ZoKGg
public_chinese_only,2023-07-20,5:23,LcQjSCzuY20,State Banquet Master · Cold dressed lamb,【國宴大師•涼拌羊肉】熱菜涼吃，開胃又下酒！一點異味都沒有，10分鐘就能做成！ | 老飯骨,,https://www.youtube.com/watch?v=LcQjSCzuY20
public_chinese_only,2023-07-18,13:37,9LCPpysQvGw,State Banquet Master · Hair-thin tripe,【國宴大師•髮絲百葉】微辣微酸，口感豐富，爽脆過癮！侯老師這刀工簡直太妙了！| 老飯骨,,https://www.youtube.com/watch?v=9LCPpysQvGw
public_chinese_only,2023-07-15,7:29,fSyNoyLnc7c,State Banquet Master · Fried chicken,【國宴大師•炸雞】在家做出完美炸雞！裹滿醬汁，乾香酥脆，配點可樂簡直絕了！| 老飯骨,,https://www.youtube.com/watch?v=fSyNoyLnc7c
public_chinese_only,2023-07-13,15:11,QLU_5El4uXw,State Banquet Master · Lotus pastry,【國宴大師•荷花酥】美到不忍下口！又酥又香，口味絕妙，既好吃 又好看！| 老飯骨,,https://www.youtube.com/watch?v=QLU_5El4uXw
public_chinese_only,2023-07-11,6:15,wWCcKGTAq0c,State Banquet Master · Hewei chicken wings,【國宴大師•合味雞翅】軟滑鮮嫩倍儿入味，複合香氣，好吃到嗦手指！| 老飯骨,,https://www.youtube.com/watch?v=wWCcKGTAq0c
public_chinese_only,2023-07-10,3:37,3dBs_spFEqg,State Banquet Master · Deep-fried ice cream,【國宴大師•油炸冰激凌】麵包酥香，冰激淋奶香！外酥內涼，夏天吃倍儿爽！| 老飯骨,,https://www.youtube.com/watch?v=3dBs_spFEqg
public_chinese_only,2023-07-08,13:05,dV-maUnMQwU,State Banquet Master · Stinky mandarin fish,【國宴大師•臭鱖魚】聞著臭，吃著香，欲罷不能！從醃製到烹飪的詳細教學！| 老飯骨,,https://www.youtube.com/watch?v=dV-maUnMQwU
public_chinese_only,2023-07-06,5:12,W-tKn3ash6c,State Banquet Master · Lotus-leaf duck,【國宴大師•荷葉鴨】吃肉喝湯，別提多鮮美了！夏天來一點，祛火又降躁！| 老飯骨,,https://www.youtube.com/watch?v=W-tKn3ash6c
public_chinese_only,2023-07-04,6:09,sNW0qOUt3oU,State Banquet Master · Salmon sashimi,【國宴大師•三文魚刺身】三文魚分割全過程！鮮嫩無比，絲滑細膩，當天捕撈當天吃！| 老飯骨,,https://www.youtube.com/watch?v=sNW0qOUt3oU
public_chinese_only,2023-06-29,10:44,Yuq5-OwyXJ8,State Banquet Master · Yu-xiang shredded pork,【國宴大師•魚香肉絲】色澤紅亮，鮮香滑嫩，不腥不柴，開胃解饞超下飯！| 老飯骨,,https://www.youtube.com/watch?v=Yuq5-OwyXJ8
public_chinese_only,2023-06-27,15:27,XdhQXObGg2Y,State Banquet Master · Dream of Red Chamber dried eggplant,【國宴大師•紅樓茄鯗】18種食材！滑嫩酥香，營養豐富！家家都能做！| 老飯骨,,https://www.youtube.com/watch?v=XdhQXObGg2Y
public_chinese_only,2023-06-25,6:01,9SseqKQIYiQ,State Banquet Master · Escargot,【國宴大師•法式焗蝸牛】蝸牛鮮嫩，黃油醇香，蒜味濃鬱！絕妙融合，味蕾盛宴！| 老飯骨,,https://www.youtube.com/watch?v=9SseqKQIYiQ
public_chinese_only,2023-06-20,13:47,Ev4LcA-xXjs,State Banquet Master · Squirrel-shaped mandarin fish,【國宴大師•松鼠桂魚】去骨、剖花、炸製，鮮甜脆嫩，色香味俱全！| 老飯骨,,https://www.youtube.com/watch?v=Ev4LcA-xXjs
public_chinese_only,2023-06-17,10:40,EYtvyIf5an4,State Banquet Master · Sun cakes (taiyang bing),【國宴大師•太陽餅】芝麻香酥，皮糯餡軟！一口沁人心脾，唇齒留香！| 老飯骨,,https://www.youtube.com/watch?v=EYtvyIf5an4
public_chinese_only,2023-06-15,8:03,1kKqdA6CkU0,State Banquet Master · Moo shu pork,【國宴大師•木須肉】口感爽脆細嫩又滑潤！咸鮮味美，營養豐富，絕佳的下飯菜！| 老飯骨,,https://www.youtube.com/watch?v=1kKqdA6CkU0
public_chinese_only,2023-06-13,8:07,VIziQ3iuowM,State Banquet Master · Jujube zongzi,【國宴大師•小棗粽子】棗香濃郁，香甜軟糯，口感緊實，一看就會！| 老飯骨,,https://www.youtube.com/watch?v=VIziQ3iuowM
public_chinese_only,2023-06-10,6:36,JPrwgxjN2Gs,State Banquet Master · Watermelon chicken,【國宴大師•西瓜雞】雞肉的鮮美嫩滑搭配西瓜的脆爽清甜！老人小孩都愛吃的時令菜！| 老飯骨,,https://www.youtube.com/watch?v=JPrwgxjN2Gs
public_chinese_only,2023-06-08,10:27,FxKyJGzAiUE,State Banquet Master · Prosperity shrimp parcels,【國宴大師•富貴蝦包】外層麵包丁又酥又脆，裡邊蝦肉泥鮮彈軟糯，絕配！| 老飯骨,,https://www.youtube.com/watch?v=FxKyJGzAiUE
public_chinese_only,2023-06-05,9:02,-qKD5ouiE4s,State Banquet Master · Beef burger,【國宴大師•牛肉漢堡】肉汁炸彈！肉餅超厚，鮮嫩多汁！在家自製，簡單又健康！| 老飯骨,,https://www.youtube.com/watch?v=-qKD5ouiE4s
public_chinese_only,2023-06-01,11:24,xW-j7Nedev0,State Banquet Master · Crispy fried seasonal vegetables,【國宴大師•脆炸時蔬】一次學會3種做法！外脆裡酥不油膩，做法超簡單！| 老飯骨,,https://www.youtube.com/watch?v=xW-j7Nedev0
public_chinese_only,2023-05-30,16:16,c6WRS8xSA-4,State Banquet Master · Kung pao chicken,【國宴大師•宮保雞丁】麻辣鮮香嫩脆滑！有幾百年曆史的傳承菜，看著就有食慾！| 老飯骨,,https://www.youtube.com/watch?v=c6WRS8xSA-4
public_chinese_only,2023-05-27,4:29,ePrmgyQeZC4,State Banquet Master · Ginger-juice fish slices,【國宴大師•薑汁魚片】3分鐘就能學會！Q彈爽滑，鮮嫩入味！簡單易做，下酒又下飯！| 老飯骨,,https://www.youtube.com/watch?v=ePrmgyQeZC4
public_chinese_only,2023-05-25,10:48,gM-NPmvR7Po,State Banquet Master · Teriyaki chicken,【國宴大師•照燒雞】醬香濃郁，皮亮肉嫩，Q彈多汁！簡單好做的下飯菜！| 老飯骨,,https://www.youtube.com/watch?v=gM-NPmvR7Po
public_chinese_only,2023-05-23,11:27,La11ztQA-y8,State Banquet Master · Orange lychee shrimp balls,【國宴大師•香橙荔枝蝦球】酸甜開胃，滑嫩彈牙！蝦的鮮香搭配果香，簡直絕妙！,,https://www.youtube.com/watch?v=La11ztQA-y8
public_chinese_only,2023-05-19,15:10,sl1nqmec6Gc,State Banquet Master · Rosemary crayfish,【國宴大師•迷迭香合味小龍蝦】鮮彈脆嫩，香氣濃郁！侯老師手把手教你把控油溫和調味！| 老飯骨,,https://www.youtube.com/watch?v=sl1nqmec6Gc
public_chinese_only,2023-05-17,13:42,AxUpJ47lcLY,State Banquet Master · Steamed mandarin fish,【國宴大師•清蒸桂魚】入口爽滑，鮮嫩清甜還多汁！一點儿腥味也沒有，湯汁是關鍵！| 老飯骨,,https://www.youtube.com/watch?v=AxUpJ47lcLY
public_chinese_only,2023-05-14,16:03,Lix5rxmOfVc,State Banquet Master · Burnt-chili pig trotters,【國宴大師•燒椒豬手】軟糯脫骨，甜辣下飯超級爽！一點儿異味都沒有，吃多少都不會膩！| 老飯骨,,https://www.youtube.com/watch?v=Lix5rxmOfVc
public_chinese_only,2023-05-12,9:43,Zgpqbf0Rbuo,State Banquet Master · Golden-sand diced chicken,【國宴大師•金沙雞丁】香噴噴，一粒粒，口感絕妙！營養豐富，滿嘴留香！| 老飯骨,,https://www.youtube.com/watch?v=Zgpqbf0Rbuo
public_chinese_only,2023-05-07,11:36,H2BEYa4bVJc,State Banquet Master · Shrimp spring-bamboo lion's-head meatballs,【國宴大師•鮮蝦春筍獅子頭】肉質細膩，馬蹄爽脆，湯汁鮮甜！味道、口感都是一絕！| 老飯骨,,https://www.youtube.com/watch?v=H2BEYa4bVJc
public_chinese_only,2023-05-04,7:32,qXH_6_KrrAs,State Banquet Master · Sweet-and-sour spare ribs,【國宴大師•糖醋排骨】軟嫩入味，酸甜解饞，好吃不膩！超詳細的家庭版做法，就是下飯！| 老飯骨,,https://www.youtube.com/watch?v=qXH_6_KrrAs
public_chinese_only,2023-04-29,3:56,P_SvFoGYb3E,State Banquet Master · Pineapple chicken strips,【國宴大師•菠蘿雞柳】外酥內軟，食材簡單，易學易做，好吃又好看！| 老飯骨,,https://www.youtube.com/watch?v=P_SvFoGYb3E
public_chinese_only,2023-04-27,7:38,WKrtpatmQhw,State Banquet Master · Beef Wellington,【國宴大師•惠靈頓牛排】外酥里嫩又多汁！家庭簡易版，超適合新手的做法！| 老飯骨,,https://www.youtube.com/watch?v=WKrtpatmQhw
public_chinese_only,2023-04-25,7:02,UT-2b3APLZo,State Banquet Master · Shanxi sweet huoshao,【國宴大師•山西糖火燒】香甜不膩，層次分明，酥到掉渣！這傳統小吃一學就會！| 老飯骨,,https://www.youtube.com/watch?v=UT-2b3APLZo
public_chinese_only,2023-04-22,5:33,jyvFq3VhHaY,State Banquet Master · Douchi chili minced pork,【國宴大師•豆豉辣椒炒肉末】下飯利器！辣而不燥，回口留香，好學好做真不錯！| 老飯骨,,https://www.youtube.com/watch?v=jyvFq3VhHaY
public_chinese_only,2023-04-20,6:58,ZQNWhSgi8gI,State Banquet Master · Dapanji (big-plate chicken),【國宴大師•大盤雞】色香味俱全！鮮嫩味濃分量足，麵條裹滿湯汁，太地道了！| 老飯骨,,https://www.youtube.com/watch?v=ZQNWhSgi8gI
public_chinese_only,2023-04-18,5:36,Dc0qyHXeKRc,State Banquet Master · Egg zhajiang,【國宴大師•雞蛋炸醬】雞蛋多而不咸，醬香解饞，百吃不厭！拌麵吃簡直絕了！| 老飯骨,,https://www.youtube.com/watch?v=Dc0qyHXeKRc
public_chinese_only,2023-04-16,7:58,6jI-aaPaR1w,State Banquet Master · Dressed cold seafood,【國宴大師•撈汁小海鮮】火候是關鍵，澆汁是靈魂，配方精確到克！夏天來一盤，簡直太爽了！| 老飯骨,,https://www.youtube.com/watch?v=6jI-aaPaR1w
public_chinese_only,2023-04-13,5:00,HP_u59hpqBg,State Banquet Master · Palace roast meat,【國宴大師•宮廷烤肉】一煮一炸一炒，外焦里嫩油爆爆！夾在餅裡來點蔥絲，簡直絕了！| 老飯骨,,https://www.youtube.com/watch?v=HP_u59hpqBg
public_chinese_only,2023-04-12,7:34,XjEQtHv6cxk,State Banquet Master · Crispy-skin vegetable stew,【國宴大師•脆皮素燴】蘑菇開會！脆皮酥香，蘑菇鮮美，自由搭配，好吃不貴！| 老飯骨,,https://www.youtube.com/watch?v=XjEQtHv6cxk
public_chinese_only,2023-04-08,8:58,XqG6rAxYOhM,State Banquet Master · Abalone chicken wings,【國宴大師•鮑魚雞翅】湯汁濃郁，唇齒留香，太下飯了！滿滿都是膠原蛋白！| 老飯骨,,https://www.youtube.com/watch?v=XqG6rAxYOhM
public_chinese_only,2023-04-06,6:16,ITKbzb6v0Ok,State Banquet Master · Palace cucumber sauce,【國宴大師•宮廷黃瓜醬】干酥滑嫩，清脆爽口，越嚼越香！這做法也太簡單了！| 老飯骨,,https://www.youtube.com/watch?v=ITKbzb6v0Ok
public_chinese_only,2023-04-05,9:41,_3EODpdDKQE,State Banquet Master · Cucumber three ways,【國宴大師•黃瓜三吃】清爽解膩又可口，夏天必備！關鍵做法還簡單！| 老飯骨,,https://www.youtube.com/watch?v=_3EODpdDKQE
public_chinese_only,2023-04-03,5:11,twuYnbsNW2I,Guest cooking at Renmin University,老飯骨進校園！客廚中國人民大學！學生們從二樓排到一樓門口，太熱情了~ | 老飯骨,,https://www.youtube.com/watch?v=twuYnbsNW2I
public_chinese_only,2023-03-30,10:32,LkcvpQQyZfM,State Banquet Master · Baihua stuffed scallops,【國宴大師•百花釀帶子】Q彈爽滑，無比鮮香！時間和調味才是關鍵！| 老飯骨,,https://www.youtube.com/watch?v=LkcvpQQyZfM
public_chinese_only,2023-03-28,19:46,bYSG-NMy7a0,State Banquet Master · Luohan prawns,【國宴大師•羅漢大蝦】一濃香，一酥香，一蝦兩吃，別具風味的國宴菜！| 老飯骨,,https://www.youtube.com/watch?v=bYSG-NMy7a0
public_chinese_only,2023-03-26,9:38,gPWNTPOoXHI,State Banquet Master · Ginger-mother duck,【國宴大師•薑母鴨】不加一滴水！滋陰降火，毫無異味，老少皆宜！| 老飯骨,,https://www.youtube.com/watch?v=gPWNTPOoXHI
public_chinese_only,2023-03-25,6:47,uuw0eT1fkSE,State Banquet Master · Jiangtuan fish stewed with tofu,【國宴大師•江團燉豆腐】色澤紅亮，又鮮又嫩，做法倍儿簡單！這湯汁泡餅簡直絕了！| 老飯骨,,https://www.youtube.com/watch?v=uuw0eT1fkSE
public_chinese_only,2023-03-22,10:27,k_NFS-lWoh8,State Banquet Master · State-banquet chicken tofu pudding,【國宴大師•國宴雞豆花】入口咸鮮，回味甘甜，細膩順滑，老少皆宜！| 老飯骨,,https://www.youtube.com/watch?v=k_NFS-lWoh8
public_chinese_only,2023-03-19,9:45,FQpsr8T1fAo,State Banquet Master · Secret big fish head,【國宴大師•秘製大魚頭】三醬合一燉大魚頭！鮮香細嫩，蘸汁儿吃，別提多香了！| 老飯骨,,https://www.youtube.com/watch?v=FQpsr8T1fAo
public_chinese_only,2023-03-17,13:23,oxImCEfQt6Y,"State Banquet Master · Celery, lily bulb, and shrimp",【國宴大師•西芹百合炒蝦仁】蝦仁飽滿滑嫩，西芹清爽可口！賞心悅目賊上頭！| 老飯骨,,https://www.youtube.com/watch?v=oxImCEfQt6Y
public_chinese_only,2023-03-15,20:36,7HjQVmqoFys,State Banquet Master · State-banquet crab-roe fish balls,【國宴大師•國宴蟹黃魚丸】滑嫩細膩，又Q又彈，細節滿滿！絕對能炫整整一碗！| 老飯骨,,https://www.youtube.com/watch?v=7HjQVmqoFys
public_chinese_only,2023-03-11,4:36,o_zQyeFR85g,State Banquet Master · Filipino cola chicken wings,【國宴大師•菲律賓可樂雞翅】肉質鮮嫩，香甜脫骨！做法簡單，好吃到吮手指！| 老飯骨,,https://www.youtube.com/watch?v=o_zQyeFR85g
public_chinese_only,2023-03-09,8:05,h39opPVlGKo,State Banquet Master · Magnolia flowers,【國宴大師•玉蘭花】造型精緻，不忍下口！麵點大師教學明酥面果！| 老飯骨,,https://www.youtube.com/watch?v=h39opPVlGKo
public_chinese_only,2023-03-07,10:02,OWitdw0j0S4,State Banquet Master · Sweet huoshao,【國宴大師•糖火燒】香甜酥軟，純手工做法！學會在家做，吃進嘴裡，甜進心裡！| 老飯骨,,https://www.youtube.com/watch?v=OWitdw0j0S4
public_chinese_only,2023-03-04,8:20,gYtLWDwjOwc,State Banquet Master · Red-wine beef,【國宴大師•紅酒燴牛肉】牛肉軟糯下飯有嚼勁，步驟簡單，家庭易做，味道真不錯！| 老飯骨,,https://www.youtube.com/watch?v=gYtLWDwjOwc
public_chinese_only,2023-02-28,11:06,6PMP6rfhIlU,State Banquet Master · Crystal vegetable buns,【國宴大師•水晶蔬菜包】玲瓏剔透，內餡飽滿，做法簡單！關心小朋友們的每一餐！| 老飯骨,,https://www.youtube.com/watch?v=6PMP6rfhIlU
public_chinese_only,2023-02-26,9:31,ld_vO-dNHmQ,State Banquet Master · Toon velvet fish strips,【國宴大師•香椿絨魚條】味道醇厚，魚肉酥嫩，好吃好看還好聞的應季國宴菜品！| 老飯骨,,https://www.youtube.com/watch?v=ld_vO-dNHmQ
public_chinese_only,2023-02-24,9:11,aWOgzwSN5Rk,State Banquet Master · Chili tenderloin,【國宴大師•辣子里脊】鹹辣鮮嫩，味型豐富，香氣撲鼻！開胃又下飯的傳統清真菜！| 老飯骨,,https://www.youtube.com/watch?v=aWOgzwSN5Rk
public_chinese_only,2023-02-21,5:33,kLBSE3DFp3k,State Banquet Master · Intestine and tofu stew,【國宴大師•肥腸燉豆腐】又鮮又嫩，香氣四溢！無腥味無異味，老北京兒時的味道！| 老飯骨,,https://www.youtube.com/watch?v=kLBSE3DFp3k
public_chinese_only,2023-02-18,6:47,Ik1ASY8R7Mg,State Banquet Master · Lasagna,【國宴大師•意式千層面】一層肉醬一層面，有葷有素，簡單好學，大口炫！| 老飯骨,,https://www.youtube.com/watch?v=Ik1ASY8R7Mg
public_chinese_only,2023-02-16,8:50,-TiCfXyCzzQ,State Banquet Master · Thousand-layer meat pie,【國宴大師•千層肉餅】皮薄肉厚，外酥里嫩，滋滋冒油！滿口都是香！| 老飯骨,,https://www.youtube.com/watch?v=-TiCfXyCzzQ
public_chinese_only,2023-02-14,6:09,SGQ-5nPLGYg,State Banquet Master · Pig-trotter noodles,【國宴大師•豬腳麵】豪華升級版！酥爛脫骨，入口即化，連嗦幾碗都不嫌多！| 老飯骨,,https://www.youtube.com/watch?v=SGQ-5nPLGYg
public_chinese_only,2023-02-11,9:49,KIJz3kufUjE,State Banquet Master · Cream-baked mixed grill,【國宴大師•奶油烤雜拌】奶油濃郁，香甜拉絲，一口就愛上，好吃到舔盤！| 老飯骨,,https://www.youtube.com/watch?v=KIJz3kufUjE
public_chinese_only,2023-02-09,11:47,dNeTgvkzdho,State Banquet Master · Toss-fried fish slices,【國宴大師•抓炒魚片】酸 甜 酥 嫩 鮮！宮廷四大抓之一，學會立馬能在家做！| 老飯骨,,https://www.youtube.com/watch?v=dNeTgvkzdho
public_chinese_only,2023-02-07,10:03,_gbFp_vWmjk,State Banquet Master · Prawns with napa cabbage,【國宴大師•大蝦燒白菜】營養下飯，滿嘴流油！鮮香無比，物盡其用！| 老飯骨,,https://www.youtube.com/watch?v=_gbFp_vWmjk
public_chinese_only,2023-01-31,12:37,7pug9s6Dia8,State Banquet Master · Mei gan cai sweet buns,【國宴大師•梅干菜糖包】柔軟綿甜，鹹香不膩，回味無窮！正經八百的湖南做法！| 老飯骨,,https://www.youtube.com/watch?v=7pug9s6Dia8
public_chinese_only,2023-01-30,1:26,QnvSzN4Q5d0,One year on: remembering Grandpa Zheng — we are eating well,一年了，大家都很想您！我們也有好好吃飯，願您在那裡有戲聽，有茶喝，不再操心，多多享福！,,https://www.youtube.com/watch?v=QnvSzN4Q5d0
public_chinese_only,2023-01-26,7:00,5eOiPhPWlRU,State Banquet Master · Flash-fried giant freshwater prawns,【國宴大師•油爆羅氏蝦】皮酥肉嫩，簡單易做，邊吃邊吮指，越吃越上癮！| 老飯骨,,https://www.youtube.com/watch?v=5eOiPhPWlRU
public_chinese_only,2023-01-23,7:22,wM5IHXMQnhw,State Banquet Master · Sweet steamed pork with rice,【國宴大師•甜燒白】棗香肉香玫瑰香，香甜軟糯，肥而不膩，眾人吃不停！| 老飯骨,,https://www.youtube.com/watch?v=wM5IHXMQnhw
public_chinese_only,2023-01-23,4:46,PhB8PEFaqhk,LaoFanGu New Year: year of the rabbit,老飯骨拜年啦！祝小飯骨們兔年大吉，萬事勝意，錢兔似錦！,,https://www.youtube.com/watch?v=PhB8PEFaqhk
public_chinese_only,2023-01-22,2:30,aArkRU_72AE,Dumplings with narrator Li Lihong,和李立宏老師 共同為小饭骨们端上一盤熱氣騰騰的餃子！感謝李老師好吃的聲音！｜老飯骨,,https://www.youtube.com/watch?v=aArkRU_72AE
public_chinese_only,2023-01-20,18:55,4WhrJRVImpo,State Banquet Master · LaoFanGu New Year dishes,【國宴大師•老飯骨年菜】大師齊出手 大秀絕技！祝小飯骨們兔年大吉，好運常來！| 老飯骨,,https://www.youtube.com/watch?v=4WhrJRVImpo
public_chinese_only,2023-01-19,10:26,gK8bu-yvzHc,State Banquet Master · Chestnut spare ribs,【國宴大師•栗子燒排骨】色如琥珀，軟爛入味，越嚼越香！不用炒糖色的家庭做法！| 老飯骨,,https://www.youtube.com/watch?v=gK8bu-yvzHc
public_chinese_only,2023-01-17,12:14,L23fVjRgilw,State Banquet Master · Toss-fried shrimp,【國宴大師•抓炒蝦仁】外脆內軟，Q彈飽滿！宮廷四大抓之一，兩大重點要仔細把握！| 老飯骨,,https://www.youtube.com/watch?v=L23fVjRgilw
public_chinese_only,2023-01-14,8:17,aj2g92zwPK8,State Banquet Master · Clear-broth lion's-head meatballs,【國宴大師•清燉獅子頭】肉質細嫩，果香濃鬱，湯清味濃！全家人都愛吃！| 老飯骨,,https://www.youtube.com/watch?v=aj2g92zwPK8
public_chinese_only,2023-01-12,8:10,Wso_Q-Exb2s,State Banquet Master · Fried puffy pork,【國宴大師•炸松肉】外焦里嫩，老少皆宜！好吃好做，必備的年夜飯！| 老飯骨,,https://www.youtube.com/watch?v=Wso_Q-Exb2s
public_chinese_only,2023-01-10,8:58,v-T0-O5IYYo,State Banquet Master · State-banquet dry-braised fish,【國宴大師•國宴干燒魚】皮酥肉嫩，香氣四溢，下酒又下飯！祝大家年年有餘！| 老飯骨,,https://www.youtube.com/watch?v=v-T0-O5IYYo
public_chinese_only,2023-01-07,14:08,Q7hjg9_GYmg,State Banquet Master · Taro pork belly,【國宴大師•芋頭扣肉】香甜軟糯，入口即化，肥而不膩！過年必備的傳統美食！| 老飯骨,,https://www.youtube.com/watch?v=Q7hjg9_GYmg
public_chinese_only,2023-01-05,5:37,mCm2bF19dyI,State Banquet Master · Chengdu chicken,【國宴大師•成都雞】咸鮮麻辣，軟嫩香甜，過口難忘！便於家庭製作的下飯菜！| 老飯骨,,https://www.youtube.com/watch?v=mCm2bF19dyI
public_chinese_only,2023-01-03,9:18,YtS5RVcq_r4,State Banquet Master · Sugar-oil cakes,【國宴大師•糖油餅】蓬鬆香甜，酥脆掉渣！儿時的味道，配方比例都在這了！| 老飯骨,,https://www.youtube.com/watch?v=YtS5RVcq_r4
public_chinese_only,2023-01-01,7:35,1i0CLHtpXZU,State Banquet Master · Sukiyaki,【國宴大師•壽喜燒】滑潤細嫩，抗寒暖身！10分鐘出鍋，靈魂醬汁別有風味！| 老飯骨,,https://www.youtube.com/watch?v=1i0CLHtpXZU
public_chinese_only,2022-12-30,7:21,kbWCJiuPx0E,State Banquet Master · Prosperous rabbit year,【國宴大師•錢兔似錦】原創酥點首次展現！2塊酥皮絕妙手藝祝大家“錢兔”似錦！| 老飯骨,,https://www.youtube.com/watch?v=kbWCJiuPx0E
public_chinese_only,2022-12-27,5:44,DCPXNugmyk8,State Banquet Master · Bitter melon with scrambled egg,【國宴大師•苦瓜攤雞蛋】雞蛋嫩滑，苦瓜不苦！營養又健康的家庭快手菜！| 老飯骨,,https://www.youtube.com/watch?v=DCPXNugmyk8
public_chinese_only,2022-12-24,5:20,acB6eNH71Bk,State Banquet Master · Thousand-island crispy tofu,【國宴大師•千島脆白玉】外酥里嫩，酸甜鹹香，簡單美味！一口夢迴80年代！| 老飯骨,,https://www.youtube.com/watch?v=acB6eNH71Bk
public_chinese_only,2022-12-22,9:22,7SeeevRPJFQ,State Banquet Master · Ginger-juice pork hock,【國宴大師•薑汁肘子】肉香四溢，軟爛不膩！比紅燒的還好吃，別有一番風味！| 老飯骨,,https://www.youtube.com/watch?v=7SeeevRPJFQ
public_chinese_only,2022-12-20,3:48,mbstbxyLi64,State Banquet Master · Courtyard tofu,【國宴大師•小院豆腐】口感勁道，香嫩下飯，做法簡單，口口爆汁！| 老飯骨,,https://www.youtube.com/watch?v=mbstbxyLi64
public_chinese_only,2022-12-18,6:02,MzgRXjgKA5g,State Banquet Master · Curry lamb,【國宴大師•咖哩羊肉】香濃酸甜，暖身祛寒！不吃不知道，吃了味道真奇妙！| 老飯骨,,https://www.youtube.com/watch?v=MzgRXjgKA5g
public_chinese_only,2022-12-16,12:19,j-lyc9yuQoI,State Banquet Master · Camphor-tea sesame duck chops,【國宴大師•樟茶芝麻鴨排】肉香、料香、芝麻香！香氣獨特，外酥里嫩，一點儿也不柴！| 老飯骨,,https://www.youtube.com/watch?v=j-lyc9yuQoI
public_chinese_only,2022-12-14,5:48,qxJSZyZVrHY,State Banquet Master · Dropped pork with pickled greens and noodles,【國宴大師•汆白肉漬菜粉】一炒一煮！軟爛鮮香有嚼勁，酸爽開胃巨過癮！| 老飯骨,,https://www.youtube.com/watch?v=qxJSZyZVrHY
public_chinese_only,2022-12-10,6:59,DdIMz91GCsM,State Banquet Master · Cherry pork,【國宴大師•櫻桃肉】焦香酥脆，嫩滑爽口，酸甜開胃！大人小孩都愛吃！| 老飯骨,,https://www.youtube.com/watch?v=DdIMz91GCsM
public_chinese_only,2022-12-08,7:14,vnoJ90CkQWQ,State Banquet Master · Quick-fried yellow beef,【國宴大師•小炒黃牛肉】咸鮮酸辣，開胃下飯！這道湖南家常菜大口吃著超過癮！| 老飯骨,,https://www.youtube.com/watch?v=vnoJ90CkQWQ
public_chinese_only,2022-12-07,7:40,6yLdreIBtk4,State Banquet Master · Hot-pot lamb dipping sauces,【國宴大師•涮羊肉小料】香濃細膩，口感爽滑！家庭版涮羊肉小料，正宗兒時的味道！| 老飯骨,,https://www.youtube.com/watch?v=6yLdreIBtk4
public_chinese_only,2022-12-03,5:36,o6tGK7iqyDY,State Banquet Master · Pork stewed glass noodles,【國宴大師•豬肉燉粉條】豬肉軟爛不膩，粉條吸滿了湯汁！升級版東北名菜，味道更香！| 老飯骨,,https://www.youtube.com/watch?v=o6tGK7iqyDY
public_chinese_only,2022-11-29,7:46,Tty1GKgpxGM,State Banquet Master · Sister Song fish soup instant noodles,【國宴大師•宋嫂魚羹方便麵】魚肉滑嫩，筍丁清脆！湯汁裹面，麻辣爽口！| 老飯骨,,https://www.youtube.com/watch?v=Tty1GKgpxGM
public_chinese_only,2022-11-28,6:01,rjnsZO-2-ak,State Banquet Master · Creamy seafood instant noodles,【國宴大師•奶汁海鮮方便麵】奶香濃郁，鮮美過癮！做一大碗都不夠吃！| 老飯骨,,https://www.youtube.com/watch?v=rjnsZO-2-ak
public_chinese_only,2022-11-27,7:04,CXlsrmP9rC4,State Banquet Master · Cabbage wonton instant noodles,【國宴大師•白菜雲吞方便麵】湯鮮味美，鮮嫩多汁，營養豐富！ 20分鐘就能完成！| 老飯骨,,https://www.youtube.com/watch?v=CXlsrmP9rC4
public_chinese_only,2022-11-26,7:48,Vdl6BY-Eh20,State Banquet Master · Tonic lamb chops,【國宴大師•養生羊排】湯鮮肉爛，連骨頭都能嗦出香味！天涼來一碗，大汗淋漓！| 老飯骨,,https://www.youtube.com/watch?v=Vdl6BY-Eh20
public_chinese_only,2022-11-24,14:29,s4_Z0-qr398,State Banquet Master · Sesame-sauce shaobing,【國宴大師•麻醬燒餅】非遺傳人絕活不停！層層分明，外酥內軟，一口滿嘴香！| 老飯骨,,https://www.youtube.com/watch?v=s4_Z0-qr398
public_chinese_only,2022-11-22,9:34,FjmNEaQh-XI,State Banquet Master · Paella,【國宴大師•西班牙海鮮飯】葷素搭配，鮮美鬆軟，營養豐富！手把手教你，簡單零失誤！| 老飯骨,,https://www.youtube.com/watch?v=FjmNEaQh-XI
public_chinese_only,2022-11-19,8:21,oN-XHCryszw,State Banquet Master · Old-ginger chicken soup,【國宴大師•老薑雞湯】湯鮮肉嫩，祛濕驅寒！冬天再也不用擔心手腳冰涼了！｜ 老飯骨,,https://www.youtube.com/watch?v=oN-XHCryszw
public_chinese_only,2022-11-17,6:21,RNE3CoKRpCA,State Banquet Master · Tonic fatty beef,【國宴大師•養生肥牛】酸辣爽口，鮮香開胃！冬天來一碗，渾身都溫暖！| 老飯骨,,https://www.youtube.com/watch?v=RNE3CoKRpCA
public_chinese_only,2022-11-15,11:38,gi1MSGDJpR0,State Banquet Master · Fried dough with cabbage,【國宴大師•面果白菜】簡單好學，超逼真的翡翠白菜！麵點大師手把手教你做！| 老飯骨,,https://www.youtube.com/watch?v=gi1MSGDJpR0
public_chinese_only,2022-11-13,7:50,48nWbMW0kIo,State Banquet Master · Taro claypot,【國宴大師•芋頭煲】咸鮮甘甜，軟糯綿密！天冷了來上這麼一口，夠爽！| 老飯骨,,https://www.youtube.com/watch?v=48nWbMW0kIo
public_chinese_only,2022-11-12,8:32,ijJF4M0Es88,State Banquet Master · Boiled beef in chili broth,【國宴大師•水煮牛肉】肉片嫩滑爽口，解饞過癮！麻辣鮮香的下飯神器！| 老飯骨,,https://www.youtube.com/watch?v=ijJF4M0Es88
public_chinese_only,2022-11-10,12:17,iuzLjyN4Dg4,State Banquet Master · Pork-offal congee,【國宴大師•豬雜粥】鮮嫩綿軟，絲滑順口！5種內臟入粥，絲毫沒有臟器味！| 老飯骨,,https://www.youtube.com/watch?v=iuzLjyN4Dg4
public_chinese_only,2022-11-08,10:51,Y4vZj-_57S8,State Banquet Master · Intestine chicken,【國宴大師•肥腸雞】軟嫩入味倍儿下飯！4種辣椒➕3種醬➕3種油，香氣四溢！| 老飯骨,,https://www.youtube.com/watch?v=Y4vZj-_57S8
public_chinese_only,2022-11-05,10:17,-UZI8tbAzrM,State Banquet Master · Hot-oil noodles,【國宴大師•熗鍋面】湯鮮菜脆面有味，還原媽媽的味道，一碗下肚暖心暖身！| 老飯骨,,https://www.youtube.com/watch?v=-UZI8tbAzrM
public_chinese_only,2022-11-03,15:34,-Toa6bh87x0,State Banquet Master · Scallion-braised sea cucumber,【國宴大師•蔥燒海參】醇香濃郁，Q彈軟嫩，好吃又好做的國宴味道！| 老飯骨,,https://www.youtube.com/watch?v=-Toa6bh87x0
public_chinese_only,2022-11-01,8:28,genZWQytOe8,State Banquet Master · Tom yum soup,【國宴大師•冬陰功湯】酸辣咸鮮，美味銷魂！食材豐富，手把手教你一次學成！| 老飯骨,,https://www.youtube.com/watch?v=genZWQytOe8
public_chinese_only,2022-10-29,3:17,q20Ug7UpnLw,State Banquet Master · Stir-fried cabbage with glass noodles,【國宴大師•圓白菜炒粉條】包菜脆嫩，粉條入味！家常做法，好吃下飯！｜ 老飯骨,,https://www.youtube.com/watch?v=q20Ug7UpnLw
public_chinese_only,2022-10-27,15:07,Y9o3ylVCPi8,State Banquet Master · White-broth offal,【國宴大師•白湯雜碎】奶白鮮香，不腥不羶！精工細作，暖身暖胃！| 老飯骨,,https://www.youtube.com/watch?v=Y9o3ylVCPi8
public_chinese_only,2022-10-22,8:47,CLIHY65SVqM,State Banquet Master · Golden-sand corn,【國宴大師•金沙玉米】粒粒飽滿，香甜濃郁，酥脆過癮！吃一口就停不下來！| 老飯骨,,https://www.youtube.com/watch?v=CLIHY65SVqM
public_chinese_only,2022-10-20,12:03,D4_0QdgNolM,State Banquet Master · Home-style meat pie and millet porridge,【國宴大師•家常肉餅小米粥】肉餅表皮酥脆，內餡鮮香！侯師教你熬粥烙餅，指定能會！| 老飯骨,,https://www.youtube.com/watch?v=D4_0QdgNolM
public_chinese_only,2022-10-18,8:02,r2B5tU8dzo4,State Banquet Master · Red-wine oxtail,【國宴大師•紅酒燴牛尾】色澤紅亮，鬆軟香爛，回味無窮！泡米飯簡直絕了！| 老飯骨,,https://www.youtube.com/watch?v=r2B5tU8dzo4
public_chinese_only,2022-10-15,7:02,vSDC8p4c6xk,State Banquet Master · Cranberry,【國宴大師•蔓越莓】3種蔓越莓的吃法！清香酸甜，百吃不厭！| 老飯骨,,https://www.youtube.com/watch?v=vSDC8p4c6xk
public_chinese_only,2022-10-13,10:10,mcgxfeVME2c,State Banquet Master · Clear beef stew,【國宴大師•清燉牛肉】湯鮮肉嫩，清甜順口！搭配2種蘸料，齒頰生香！| 老飯骨,,https://www.youtube.com/watch?v=mcgxfeVME2c
public_chinese_only,2022-10-11,10:50,7uGCYtTkCwQ,State Banquet Master · Borscht,【國宴大師•紅菜湯】酸甜開胃，營養豐富，醇香濃鬱！正宗俄羅斯經典菜！| 老飯骨,,https://www.youtube.com/watch?v=7uGCYtTkCwQ
public_chinese_only,2022-10-09,8:44,ThrRgoNZL_I,State Banquet Master · Yogurt steamed buns,【國宴大師•酸奶饅頭】柔軟暄乎，香甜營養！侯老師教你標準配方和細緻手法！| 老飯骨,,https://www.youtube.com/watch?v=ThrRgoNZL_I
public_chinese_only,2022-10-06,7:21,h18CcvASg8Q,State Banquet Master · Nine-turn hairtail,【國宴大師•九轉帶魚】醬汁濃鬱，入口即化！老菜新做，從此愛上吃帶魚！ | 老飯骨,,https://www.youtube.com/watch?v=h18CcvASg8Q
public_chinese_only,2022-10-04,8:39,dfH8Z27zFPg,State Banquet Master · Superior-stock baked lobster,【國宴大師•上湯焗龍蝦】鮮甜彈牙，家宴必備！滿滿一盤蝦肉配上伊麵，爽！| 老飯骨,,https://www.youtube.com/watch?v=dfH8Z27zFPg
public_chinese_only,2022-10-01,7:00,2zyn0zXh51g,State Banquet Master · Curry chicken rice,【國宴大師•咖哩雞飯】濃鬱醇香，暖胃下飯！侯老師吃了一大碗米飯，還直言不夠！| 老飯骨,,https://www.youtube.com/watch?v=2zyn0zXh51g
public_chinese_only,2022-09-27,9:19,LhuV2UfUNmE,State Banquet Master · Fried dough with walnut,【國宴大師•面果核桃】酥香甜蜜，餡料豐富！操作簡單，在家也能輕鬆複刻！| 老飯骨,,https://www.youtube.com/watch?v=LhuV2UfUNmE
public_chinese_only,2022-09-24,8:05,Sdu_lSSiie4,State Banquet Master · Sauced crab,【國宴大師•醬蟹】醬香濃郁，鮮嫩入味！滿滿蟹黃拌飯，簡直饞死人！| 老飯骨,,https://www.youtube.com/watch?v=Sdu_lSSiie4
public_chinese_only,2022-09-22,8:43,ntllsS_vmoQ,State Banquet Master · Chili stir-fried pork,【國宴大師•辣椒炒肉】香辣過癮，油香焦酥，下飯解饞！步驟簡單，一學就回！| 老飯骨,,https://www.youtube.com/watch?v=ntllsS_vmoQ
public_chinese_only,2022-09-20,5:48,1_E_Xd-gUoo,State Banquet Master · Salt-baked spare ribs,【國宴大師•鹽焗排骨】不用油炸！外酥里嫩，一抿脫骨，入嘴滿口香！| 老飯骨,,https://www.youtube.com/watch?v=1_E_Xd-gUoo
public_chinese_only,2022-09-17,5:00,txfT0Pjq2zs,State Banquet Master · Ta si mi (sweet-fried lamb),【國宴大師•它似蜜】色澤紅亮，甜而不膩！簡單易學的傳統老式做法，夠味儿！| 老飯骨,,https://www.youtube.com/watch?v=txfT0Pjq2zs
public_chinese_only,2022-09-13,7:24,dqYYVIdjwdU,State Banquet Master · State-banquet Dongpo pork,【國宴大師•國宴東坡肉】無需香料，不用炒糖色！酥爛軟糯，回味無窮！| 老飯骨,,https://www.youtube.com/watch?v=dqYYVIdjwdU
public_chinese_only,2022-09-10,4:51,zcHGOquw3y0,State Banquet Master · Apricot sauce,【國宴大師•杏醬】酸甜可口，營養豐富，好吃又好做！| 老飯骨,,https://www.youtube.com/watch?v=zcHGOquw3y0
public_chinese_only,2022-09-08,4:59,DEZsdcTLVMY,State Banquet Master · Chili-sauce crab,【國宴大師•辣醬螃蟹】咸鮮爽滑，香辣細膩！這個秘製辣醬你一定得學！｜老飯骨,,https://www.youtube.com/watch?v=DEZsdcTLVMY
public_chinese_only,2022-09-06,11:46,ZWY88vkppzY,State Banquet Master · Private-kitchen beef noodles,【國宴大師•私房牛肉麵】湯濃肉爛，爽滑勁道！這樣大口嗦面才過癮！| 老飯骨,,https://www.youtube.com/watch?v=ZWY88vkppzY
public_chinese_only,2022-09-01,6:59,fZWBo297uMk,State Banquet Master · Red-smothered lamb,【國宴大師•紅燜羊肉】軟爛不羶，有筋有肉，肥而不膩！地道的河南名菜！| 老飯骨,,https://www.youtube.com/watch?v=fZWBo297uMk
public_chinese_only,2022-08-30,9:29,wsz72-S23Ww,State Banquet Master · Honey-date pastry,【國宴大師•蜜棗酥】香甜不膩，紋路分明，細節滿滿！堪稱開酥教科書！| 老飯骨,,https://www.youtube.com/watch?v=wsz72-S23Ww
public_chinese_only,2022-08-27,8:40,hLJV6P6RyZs,State Banquet Master · Fried pork cutlet,【國宴大師•炸豬排】外表酥脆，內裡軟嫩，肉汁豐盈！萬能蘸料好學又好做！| 老飯骨,,https://www.youtube.com/watch?v=hLJV6P6RyZs
public_chinese_only,2022-08-25,8:18,dwI1TzmGT-8,State Banquet Master · Guo bao prawns,【國宴大師•鍋包大蝦】外焦里嫩“咔咔”香，一口一個賊拉爽！記住這幾點，一汁百用！ | 老飯骨,,https://www.youtube.com/watch?v=dwI1TzmGT-8
public_chinese_only,2022-08-23,8:33,AV6HVcfPTbQ,State Banquet Master · Fried dough with jujube,【國宴大師•面果大棗】真假難辨！面果大師教你做簡單易做，營養又美味的面果大棗！| 老飯骨,,https://www.youtube.com/watch?v=AV6HVcfPTbQ
public_chinese_only,2022-08-20,9:15,0I4YENM39Hs,State Banquet Master · Crisp kidney flowers,【國宴大師•脆爽腰花】麻辣鮮香，嫩滑不腥，爽脆下飯！這麼做一定不會出錯！| 老飯骨,,https://www.youtube.com/watch?v=0I4YENM39Hs
public_chinese_only,2022-08-18,9:58,SYS2OcRQBCI,State Banquet Master · Hand-pulled lamb,【國宴大師•手抓羊肉】湯鮮肉嫩，軟爛不羶，一掙脫骨！這才是地道的手抓羊肉！| 老飯骨,,https://www.youtube.com/watch?v=SYS2OcRQBCI
public_chinese_only,2022-08-16,6:19,_nHoMdiAl90,State Banquet Master · Empress Fucha cakes,【國宴大師•富察皇后糕】鬆軟清甜，奶香四溢！按照這個比例，小白也能一次成功！| 老飯骨,,https://www.youtube.com/watch?v=_nHoMdiAl90
public_chinese_only,2022-08-13,11:16,nLFuXzPoOu0,State Banquet Master · Korean cold noodles,【國宴大師•朝鮮冷面】冰涼爽口，夏天必學！朝鮮族大廚教你正宗配比！| 老飯骨,,https://www.youtube.com/watch?v=nLFuXzPoOu0
public_chinese_only,2022-08-11,5:54,zgQl4pgl-OQ,State Banquet Master · Flame-seared duck hearts,【國宴大師•火燎鴨心】外焦里嫩，簡單易學！一切一醃一炸，火候是關鍵！| 老飯骨,,https://www.youtube.com/watch?v=zgQl4pgl-OQ
public_chinese_only,2022-08-09,14:01,ckxHflanrPk,State Banquet Master · Radish beef-brisket pot,【國宴大師•蘿蔔牛腩煲】軟爛入味，醬香味濃！學會這醬料，煮鞋底都香！| 老飯骨,,https://www.youtube.com/watch?v=ckxHflanrPk
public_chinese_only,2022-08-06,5:35,0NHHyyGnm0E,State Banquet Master · Irish clear lamb broth,【國宴大師•愛爾蘭清湯羊肉】湯美肉鮮，原汁原味，簡單易做！晚餐大師給大伙露一手！| 老飯骨,,https://www.youtube.com/watch?v=0NHHyyGnm0E
public_chinese_only,2022-08-04,5:11,mJzFaN2Zb8o,"State Banquet Master · Di san xian (potato, eggplant, pepper)",【國宴大師•地三鮮】土豆酥糯，茄子綿軟！咸鮮帶甜，比肉還香！| 老飯骨,,https://www.youtube.com/watch?v=mJzFaN2Zb8o
public_chinese_only,2022-08-02,10:03,YjJEl27rHGc,State Banquet Master · Vinegar-fried alfalfa sprouts,【國宴大師•醋溜苜蓿】明油亮芡，咸鮮酸甜，下酒又下飯！老北京清真名菜！| 老飯骨,,https://www.youtube.com/watch?v=YjJEl27rHGc
public_chinese_only,2022-07-30,10:00,XdWZ8OZ7e6M,State Banquet Master · Five-spice whole pigeon,【國宴大師•五香燜全鴿】色澤金黃，外焦里嫩，一口流汁！這肉鴿也太解饞了！| 老飯骨,,https://www.youtube.com/watch?v=XdWZ8OZ7e6M
public_chinese_only,2022-07-28,9:06,LqYbJuRXgNA,State Banquet Master · Mao xue wang (Sichuan blood stew),【國宴大師•毛血旺】麻辣鮮香，回味無窮！川菜大師教你做美味又地道的毛血旺！| 老飯骨,,https://www.youtube.com/watch?v=LqYbJuRXgNA
public_chinese_only,2022-07-26,11:16,M22HTBln9_0,State Banquet Master · Scallion-fried lamb,【國宴大師•蔥爆羊肉】香嫩不羶，蔥甜味濃，特別下飯！夠傳統，夠地道！| 老飯骨,,https://www.youtube.com/watch?v=M22HTBln9_0
public_chinese_only,2022-07-21,8:32,dSu3RcS_EmI,State Banquet Master · Sweet-and-sour tenderloin,【國宴大師•糖醋里脊】色澤紅亮，外焦里嫩，酸甜可口！這個做法倍儿簡單！| 老飯骨,,https://www.youtube.com/watch?v=dSu3RcS_EmI
public_chinese_only,2022-07-19,7:54,MmzppzyVkuU,State Banquet Master · Cold dressed celtuce,【國宴大師•涼拌萵筍】不煮不炒，簡單易做！開胃爽口，絲絲脆嫩！| 老飯骨,,https://www.youtube.com/watch?v=MmzppzyVkuU
public_chinese_only,2022-07-16,9:54,Cjz1mp5TCgY,State Banquet Master · Apple pie,【國宴大師•蘋果派】酥香的派皮搭配蘋果的甜蜜！麵點大師教你做地道的蘋果派！| 老飯骨,,https://www.youtube.com/watch?v=Cjz1mp5TCgY
public_chinese_only,2022-07-14,10:08,eFzMXem7pRY,State Banquet Master · Watermelon junket,【國宴大師•西瓜酪】侯老師教你做傳統手攥版西瓜酪！簡單易學，消暑又解讒！| 老飯骨,,https://www.youtube.com/watch?v=eFzMXem7pRY
public_chinese_only,2022-07-12,10:28,zhtgn79CQqA,State Banquet Master · Paper-skin vegetarian bao,【國宴大師•紙皮素包子】皮薄如紙張，晶瑩剔透！沒有肉卻有肉味，又鮮又香！| 老飯骨,,https://www.youtube.com/watch?v=zhtgn79CQqA
public_chinese_only,2022-07-10,7:39,9CJ6Cxde_s0,State Banquet Master · Sand ginger pig trotters,【國宴大師•沙薑豬手】軟糯Q彈，營養豐富，百吃不膩！這一鍋太過癮了！| 老飯骨,,https://www.youtube.com/watch?v=9CJ6Cxde_s0
public_chinese_only,2022-07-08,12:59,JsqguotTmZ4,State Banquet Master · Chinese fried dough twists,【國宴大師•中式面果】軟糯清爽，酸甜可口！麵點廚師長手把手教你做面果！| 老飯骨,,https://www.youtube.com/watch?v=JsqguotTmZ4
public_chinese_only,2022-07-05,9:39,a9zF22MUj1c,State Banquet Master · Rosemary roast chicken,【國宴大師•迷迭香烤雞】只用4種調料，有烤箱就能做！簡單高級，汁水四溢！| 老飯骨,,https://www.youtube.com/watch?v=a9zF22MUj1c
public_chinese_only,2022-07-02,8:55,mYCXUr0DtvA,State Banquet Master · Mushroom meatballs,【國宴大師•蘑菇丸子】只用2個饅頭加1把野生菌，做鮮香軟糯的蘑菇丸子！| 老飯骨,,https://www.youtube.com/watch?v=mYCXUr0DtvA
public_chinese_only,2022-06-30,8:01,aBaKcpYXgm0,State Banquet Master · Crispy fragrant drumsticks,【國宴大師•香酥雞腿】酥香爽口巨解饞，一點儿也不膩！雞腿的國宴做法！| 老飯骨,,https://www.youtube.com/watch?v=aBaKcpYXgm0
public_chinese_only,2022-06-28,7:08,9CUgLtwZ1g4,State Banquet Master · Garlic spare ribs,【國宴大師•蒜香排骨】蒜香濃鬱，金黃酥脆！排骨鮮嫩，軟糯入味！口感絕妙！| 老飯骨,,https://www.youtube.com/watch?v=9CUgLtwZ1g4
public_chinese_only,2022-06-25,7:30,tPIF0pH8dzc,State Banquet Master · Soft-fried fish with avocado,【國宴大師•牛油果軟煎魚】清爽滑潤，入口即化！侯老師教你做改良版軟煎魚！| 老飯骨,,https://www.youtube.com/watch?v=tPIF0pH8dzc
public_chinese_only,2022-06-23,7:28,4EF-Jps57pI,State Banquet Master · Sauce-braised beef,【國宴大師•醬燒牛肉】耙軟鮮香，食之無渣！營養下飯，一嚼就爛！| 老飯骨,,https://www.youtube.com/watch?v=4EF-Jps57pI
public_chinese_only,2022-06-21,12:44,VMWr-GkiamM,State Banquet Master · Mao-style red-braised pork,【國宴大師•毛氏紅燒肉】肥而不膩，軟糯下飯，入口即化，不用加醬油就能上色！| 老飯骨,,https://www.youtube.com/watch?v=VMWr-GkiamM
public_chinese_only,2022-06-18,11:28,keYsXzaqBtI,State Banquet Master · Walnut diced chicken,【國宴大師•桃仁雞丁】香辣咸酥，外脆里嫩！一炸一炒，簡單易做的下飯菜！| 老飯骨,,https://www.youtube.com/watch?v=keYsXzaqBtI
public_chinese_only,2022-06-16,6:56,QSvTigarmBI,State Banquet Master · Twice-cooked pork,【國宴大師•回鍋肉】咸鮮微辣，肥而不膩！地道的回鍋肉做法，幾碗米飯都不夠吃！| 老飯骨,,https://www.youtube.com/watch?v=QSvTigarmBI
public_chinese_only,2022-06-14,9:18,n6hmsk0Y3s8,State Banquet Master · Chopped-chili fish,【國宴大師•剁椒魚】麻辣過癮，鮮香不腥，一口就上癮！湯汁儿拌麵吃，美極了！| 老飯骨,,https://www.youtube.com/watch?v=n6hmsk0Y3s8
public_chinese_only,2022-06-11,3:44,AqpPBzFRLns,State Banquet Master · Summer flavors,【國宴大師•夏日風情】果香濃郁，口感順滑，清涼又祛暑！做法簡單，賣相高級！| 老飯骨,,https://www.youtube.com/watch?v=AqpPBzFRLns
public_chinese_only,2022-06-09,8:03,8ZyKS0jioPY,State Banquet Master · Chongqing chili chicken,【國宴大師•辣子雞】用料簡單，麻辣酥香，解饞下飯！自己在家做，火候是關鍵！| 老飯骨,,https://www.youtube.com/watch?v=8ZyKS0jioPY
public_chinese_only,2022-06-07,12:34,e4zWjY_Gx88,State Banquet Master · Garlic crayfish,【國宴大師•蒜香小龍蝦】蒜味濃郁，Q彈鮮香！再嗦一口意麵，回味無窮！| 老飯骨,,https://www.youtube.com/watch?v=e4zWjY_Gx88
public_chinese_only,2022-06-04,4:51,6p4kwOoKGSs,State Banquet Master · Rehydrating sea cucumber,【國宴大師•發海參】海參怎樣才算泡發完成？侯老師在家手把手教你！（第五集）| 老飯骨,,https://www.youtube.com/watch?v=6p4kwOoKGSs
public_chinese_only,2022-06-02,7:13,RPkVHo88GZA,State Banquet Master · Pan-fried stuffed mushrooms,【國宴大師•煎釀鮮蘑】焦黃鮮香，營養健康，簡單易做！侯老師在家教你釀口蘑！| 老飯骨,,https://www.youtube.com/watch?v=RPkVHo88GZA
public_chinese_only,2022-05-31,10:50,bfo-SHs2IYM,State Banquet Master · Shrimp dumplings,【國宴大師•蝦仁餃子】侯老師手把手教你調餡、和麵！鮮香Q彈，皮薄餡大，百吃不厭！| 老飯骨,,https://www.youtube.com/watch?v=bfo-SHs2IYM
public_chinese_only,2022-05-30,10:32,K-3zi0JuBpQ,State Banquet Master · Rehydrating sea cucumber,【國宴大師•發海參】海參泡發並不是泡大了就行！侯老師手把手教你“3煮3發”！（第四集）| 老飯骨,,https://www.youtube.com/watch?v=K-3zi0JuBpQ
public_chinese_only,2022-05-29,5:19,r3BjUI286Os,State Banquet Master · Quick-fried diced eggplant,【國宴大師•小炒茄丁】二大媽最愛吃的家常菜！鮮香入味，拌麵拌飯都好吃！| 老飯骨,,https://www.youtube.com/watch?v=r3BjUI286Os
public_chinese_only,2022-05-28,11:10,L_zaED5p3lU,State Banquet Master · Rehydrating sea cucumber,【國宴大師•發海參】海參泡發時總有異味？侯老師手把手教你一次成功！（第三集）| 老飯骨,,https://www.youtube.com/watch?v=L_zaED5p3lU
public_chinese_only,2022-05-27,6:04,K9Dekmgz5h4,State Banquet Master · Rehydrating sea cucumber,【國宴大師•發海參】侯老師在家教你發海參！要點＋做法講解（第二集）！| 老飯骨,,https://www.youtube.com/watch?v=K9Dekmgz5h4
public_chinese_only,2022-05-26,5:35,40gYs0KrPeA,State Banquet Master · Bitter-melon fu rong egg,【國宴大師•苦瓜芙蓉蛋】入口微苦，回味甘甜，其味無窮！下飯也下酒！| 老飯骨,,https://www.youtube.com/watch?v=40gYs0KrPeA
public_chinese_only,2022-05-25,6:10,YC8T_CbWrvU,State Banquet Master · Rehydrating sea cucumber,【國宴大師•發海參】侯老師在家教你發海參！要點講解（第一集）！| 老飯骨,,https://www.youtube.com/watch?v=YC8T_CbWrvU
public_chinese_only,2022-05-24,5:37,OhA1SWdtuoA,State Banquet Master · Kua-style stewed fish,【國宴大師•侉燉魚】先熬湯再燉魚！做法簡單味道足，夠解饞夠下飯！| 老飯骨,,https://www.youtube.com/watch?v=OhA1SWdtuoA
public_chinese_only,2022-05-21,11:06,i_hOO2G-apc,State Banquet Master · Douchi chili Chinese bacon,【國宴大師•豆豉辣椒炒臘肉】侯老師在家教學！臘肉晶瑩剔透，香辣咸鮮！| 老飯骨,,https://www.youtube.com/watch?v=i_hOO2G-apc
public_chinese_only,2022-05-19,10:51,NypR05ltjW8,State Banquet Master · Octopus red-braised pork,【國宴大師•八爪魚紅燒肉】紅燒肉軟嫩，八爪魚彈牙！肥而不膩，醬香多汁！| 老飯骨,,https://www.youtube.com/watch?v=NypR05ltjW8
public_chinese_only,2022-05-17,7:42,6mm-RuknFIY,State Banquet Master · Tomato and egg,【國宴大師•西紅柿炒雞蛋】徐老師後廚烹飪教學！雞蛋蓬鬆嫩滑，西紅柿汁多味美的技巧！| 老飯骨,,https://www.youtube.com/watch?v=6mm-RuknFIY
public_chinese_only,2022-05-14,14:29,t3zZXE1JAo0,State Banquet Master · Dropped meatballs in water,【國宴大師•水汆丸子】侯老師在家教你做！Q彈滑嫩，爽口鮮香，一餡多用！| 老飯骨,,https://www.youtube.com/watch?v=t3zZXE1JAo0
public_chinese_only,2022-05-13,8:38,Cz-1rrwt6aE,State Banquet Master · Silver-needle noodles,【國宴大師•銀針粉】Q彈有韌性，爽滑又入味，口感巨豐富！老少皆宜的傳統小吃！| 老飯骨,,https://www.youtube.com/watch?v=Cz-1rrwt6aE
public_chinese_only,2022-05-10,6:30,K1uoaBST6O0,State Banquet Master · Southern pan-fried meatballs,【國宴大師•南煎丸子】鮮甜焦香，口感豐富！一攪一煎一燉，做法簡單極了！| 老飯骨,,https://www.youtube.com/watch?v=K1uoaBST6O0
public_chinese_only,2022-05-05,8:21,up8ODDcLyuA,State Banquet Master · Ai wowuo,【國宴大師•艾窩窩】老北京傳統小吃！軟糯香甜，滿滿果粒，越嚼越香！| 老飯骨,,https://www.youtube.com/watch?v=up8ODDcLyuA
public_chinese_only,2022-05-02,5:05,1HWv9EfTYP4,State Banquet Master · Peanut curd,【國宴大師•花生酪】簡單易做又好喝的甜品！絲滑細潤，美容養顏，暖胃健康！| 老飯骨,,https://www.youtube.com/watch?v=1HWv9EfTYP4
public_chinese_only,2022-04-28,8:30,L_MYPrP2XZw,State Banquet Master · Chrysanthemum pastry,【國宴大師•菊花酥】只需一切一捏一炸，酥香可口又漂亮！這做法太簡單了！| 老飯骨,,https://www.youtube.com/watch?v=L_MYPrP2XZw
public_chinese_only,2022-04-26,9:27,pBdzqQfAOCk,State Banquet Master · Toss-fried kidney flowers,【國宴大師•抓炒腰花】香脆酸甜，外焦里嫩！宮廷四大抓炒之一！| 老飯骨,,https://www.youtube.com/watch?v=pBdzqQfAOCk
public_chinese_only,2022-04-23,5:37,bVBr7rxqxqc,State Banquet Master · Toon beef,【國宴大師•香椿牛肉】牛肉滑嫩，鹹甜鮮辣！食材超簡單的應季創新菜！| 老飯骨,,https://www.youtube.com/watch?v=bVBr7rxqxqc
public_chinese_only,2022-04-22,11:39,rKTLgfj3YW8,State Banquet Master · Sizzling rice-crust pork,【國宴大師•鍋巴肉片】醬汁酸甜，肉片滑嫩，鍋巴酥脆！正宗地道的傳統川菜！| 老飯骨,,https://www.youtube.com/watch?v=rKTLgfj3YW8
public_chinese_only,2022-04-19,10:06,zGPD4iRdQPs,State Banquet Master · Clear beef broth,【國宴大師•牛肉清湯】清澈如水，鮮香順口，營養健康易吸收！| 老飯骨,,https://www.youtube.com/watch?v=zGPD4iRdQPs
public_chinese_only,2022-04-16,7:55,ISY3qAe71KM,State Banquet Master · Donkey rolls (yellow-soybean pastry),【國宴大師•驢打滾】軟糯彈滑，嚼勁滿滿！50年前的傳統製作手法！| 老飯骨,,https://www.youtube.com/watch?v=ISY3qAe71KM
public_chinese_only,2022-04-14,6:34,USEkRD4w3iw,State Banquet Master · Sauced-pork pies,【國宴大師•醬肉餡餅】外酥內軟，餡大皮薄！一口下去，滿嘴留香！| 老飯骨,,https://www.youtube.com/watch?v=USEkRD4w3iw
public_chinese_only,2022-04-12,10:11,QNWtQ_BB2CE,State Banquet Master · Mom's smoked fish,【國宴大師•老媽熏魚】外酥里嫩，乾香不柴！越嚼越有味儿，下酒下飯都絕了！| 老飯骨,,https://www.youtube.com/watch?v=QNWtQ_BB2CE
public_chinese_only,2022-04-09,4:51,HPAsu-VyecI,State Banquet Master · Orange salad shrimp,【國宴大師•香橙沙律蝦】簡單易做，橙香醬濃，酸甜開胃！專為女士們定制的應季菜！| 老飯骨,,https://www.youtube.com/watch?v=HPAsu-VyecI
public_chinese_only,2022-04-07,8:00,xSrx6KRGTtc,State Banquet Master · Yu-xiang shredded pork,【國宴大師•魚香肉絲】迄今為止最正宗！色澤紅亮，酸甜鹹辣，肉絲鮮嫩，開胃下飯！| 老飯骨,,https://www.youtube.com/watch?v=xSrx6KRGTtc
public_chinese_only,2022-04-04,7:40,QsPzi0cqWY0,State Banquet Master · Osmanthus dropped lamb,【國宴大師•桂花水汆羊肉】雞蛋鮮嫩，羊肉緊實，口感絕妙！簡單地道的老北京風味！| 老飯骨,,https://www.youtube.com/watch?v=QsPzi0cqWY0
public_chinese_only,2022-03-31,9:43,lIa46QtI1vk,State Banquet Master · Sauce-fragrant pancakes,【國宴大師•醬香餅】醬香濃郁，鹹甜適中！一口下去又酥又脆，回味無窮！| 老飯骨,,https://www.youtube.com/watch?v=lIa46QtI1vk
public_chinese_only,2022-03-29,7:10,Dolz4HoIMMg,State Banquet Master · Pasta,【國宴大師•意大利面】簡單易做，經典好吃又開胃！一次熬一鍋，一醬百搭！| 老飯骨,,https://www.youtube.com/watch?v=Dolz4HoIMMg
public_chinese_only,2022-03-26,9:18,gUev9OWTE-4,State Banquet Master · Dongpo tofu,【國宴大師•東坡豆腐】豆腐嫩滑鮮美，果仁爽脆香酥！創新做法，比肉好吃！| 老飯骨,,https://www.youtube.com/watch?v=gUev9OWTE-4
public_chinese_only,2022-03-24,7:49,h4mSkQ3Mtzs,State Banquet Master · Toss-fried tenderloin,【國宴大師•抓炒里脊】宮廷四大抓炒之一！小酸小甜，金黃透亮，外酥里嫩！| 老飯骨,,https://www.youtube.com/watch?v=h4mSkQ3Mtzs
public_chinese_only,2022-03-22,6:34,iX9RbV8dsEw,State Banquet Master · Glazed beef cubes,【國宴大師•燒汁牛肉粒】鮮嫩多汁，口感細膩，簡單易做，下酒又下飯！| 老飯骨,,https://www.youtube.com/watch?v=iX9RbV8dsEw
public_chinese_only,2022-03-17,6:47,zA-ylOJjLvg,State Banquet Master · Jade broth,【國宴大師•翡翠羹】脆嫩清香，鮮美健康，暖胃又暖心！| 老飯骨,,https://www.youtube.com/watch?v=zA-ylOJjLvg
public_chinese_only,2022-03-15,5:26,pGAiOPDLjA4,State Banquet Master · Gold-and-silver scallop soup,【國宴大師•金銀干貝湯】干貝絲絲分明有嚼勁，豆腐嫩滑細膩口感佳！| 老飯骨,,https://www.youtube.com/watch?v=pGAiOPDLjA4
public_chinese_only,2022-03-12,4:36,vm_RhDuEMg8,State Banquet Master · Mock crab,【國宴大師•賽螃蟹】鮮香細嫩，比螃蟹還好吃！只用雞蛋就能製作的傳統宮廷名菜！| 老飯骨,,https://www.youtube.com/watch?v=vm_RhDuEMg8
public_chinese_only,2022-03-10,6:11,VAItuGYzlUc,State Banquet Master · State-banquet lamb pilaf,【國宴大師•國宴羊肉抓飯】羊肉軟爛鮮嫩，米飯油潤多汁！每一口都是精華！| 老飯骨,,https://www.youtube.com/watch?v=VAItuGYzlUc
public_chinese_only,2022-03-08,9:24,z7X0H7LV8CU,State Banquet Master · Old Beijing guanchang,【國宴大師•老北京灌腸】外焦里嫩，口口爆香！6斤水加1斤麵粉就能做！| 老飯骨,,https://www.youtube.com/watch?v=z7X0H7LV8CU
public_chinese_only,2022-03-05,4:07,yD4paDTCpjU,State Banquet Master · Yangchun noodles,【國宴大師•陽春面】湯鮮味美，麵條油潤，又滑又香！最經典易學的麵條！| 老飯骨,,https://www.youtube.com/watch?v=yD4paDTCpjU
public_chinese_only,2022-03-03,8:10,QFl6TCQstEI,State Banquet Master · General Tso's chicken,【國宴大師•左宗棠雞】食材簡單，酥嫩下飯，酸甜辣俱全！學會這醬汁，做啥都好吃！| 老飯骨,,https://www.youtube.com/watch?v=QFl6TCQstEI
public_chinese_only,2022-03-01,13:56,u9lNKakkD84,State Banquet Master · Pine-nut pork,【國宴大師•松子肉】肉餡鮮美，松子芳香！肥而不膩，入口即化！| 老飯骨,,https://www.youtube.com/watch?v=u9lNKakkD84
public_chinese_only,2022-02-28,8:01,re4reyysfiQ,Little FanGu: remember to eat well,小飯骨們，記得好好吃飯呦！,,https://www.youtube.com/watch?v=re4reyysfiQ
public_chinese_only,2022-02-22,7:51,iz-QR82A1Mg,State Banquet Master · Cream of mushroom soup,【國宴大師•奶油蘑菇湯】綿密香滑，口感濃郁！在家用炒鍋就能做！| 老飯骨,,https://www.youtube.com/watch?v=iz-QR82A1Mg
public_chinese_only,2022-02-17,6:50,UIbBrjRTyww,State Banquet Master · Vegetable buns,【國宴大師•菜團子】和麵、調餡有訣竅！手把手教你做餡香皮薄的菜團子！| 老飯骨,,https://www.youtube.com/watch?v=UIbBrjRTyww
public_chinese_only,2022-02-15,4:41,iQHCzVS2Yjc,State Banquet Master · Red-braised squid slices,【國宴大師•紅燒魷魚片】汁明芡亮，口感爽脆！一焯一炒，快火速成！| 老飯骨,,https://www.youtube.com/watch?v=iQHCzVS2Yjc
public_chinese_only,2022-02-10,6:20,MOPvxkq9kzQ,"State Banquet Master · Winter bamboo, squid, and shredded tenderloin",【國宴大師•冬筍魷魚里脊絲】鹹甜具備，嫩滑爽脆，口感豐富，味鮮不膩！| 老飯骨,,https://www.youtube.com/watch?v=MOPvxkq9kzQ
public_chinese_only,2022-02-08,9:10,nFDVzL44Cjo,State Banquet Master · Coffee beef tenderloin,【國宴大師•咖啡牛柳】牛肉鮮嫩，醬汁香濃，老少皆宜！家裡有咖啡粉就能做！| 老飯骨,,https://www.youtube.com/watch?v=nFDVzL44Cjo
public_chinese_only,2022-01-31,1:07,7A5Tkt_uxu0,"Grandpa Zheng, rest well",大爷，一路走好,,https://www.youtube.com/watch?v=7A5Tkt_uxu0
public_chinese_only,2022-01-28,10:25,SP4ikIjmJM4,State Banquet Master · Red-braised pork,【國宴大師•紅燒肉】不加一粒香料！肥而不膩，晶瑩剔透，過年必做的家常菜！| 老飯骨,,https://www.youtube.com/watch?v=SP4ikIjmJM4
public_chinese_only,2022-01-26,6:59,uhmjrheSIwQ,State Banquet Master · Braised trotter tips,【國宴大師•燒燴爪尖】耙軟脫骨，咸鮮香醇！傳統地道的宮廷名菜！| 老飯骨,,https://www.youtube.com/watch?v=uhmjrheSIwQ
public_chinese_only,2022-01-25,6:12,kKtPtnsQt0w,State Banquet Master · Crisp-fried meatballs in sauce,【國宴大師•焦溜丸子】外焦里嫩，Q彈咸酥！過年在家，就得做道“團團圓圓”的菜！| 老飯骨,,https://www.youtube.com/watch?v=kKtPtnsQt0w
public_chinese_only,2022-01-22,8:16,ZPbK9V8wyAw,State Banquet Master · Jujube slow-braised pork hock,【國宴大師•紅棗煨肘子】1個肘子1把紅棗！醬濃汁厚，軟爛脫骨，入口即化！| 老飯骨,,https://www.youtube.com/watch?v=ZPbK9V8wyAw
public_chinese_only,2022-01-20,5:06,W0oYFBG-FNs,State Banquet Master · Sauce-fried diced chicken,【國宴大師•醬爆雞丁】醬香濃郁，入口即化！只需2種食材，簡單易做的下飯菜！| 老飯骨,,https://www.youtube.com/watch?v=W0oYFBG-FNs
public_chinese_only,2022-01-18,5:14,Zx2FEc-URE0,State Banquet Master · Northeastern small barbecue,【國宴大師•東北小燒烤】外焦里嫩，汁水滿滿，極具誘惑！在家輕鬆做頓小燒烤！| 老飯骨,,https://www.youtube.com/watch?v=Zx2FEc-URE0
public_chinese_only,2022-01-15,4:10,eNhKL6tgdC0,State Banquet Master · Salt-water delayed choi sum,【國宴大師•鹽水遲菜心】下鍋一燙就能吃！湯鮮菜嫩，清爽可口，好看好吃又健康！| 老飯骨,,https://www.youtube.com/watch?v=eNhKL6tgdC0
public_chinese_only,2022-01-13,5:01,tWrirIlLDVk,State Banquet Master · Sauced fish,【國宴大師•醬汁魚】只需3步就能做成的山東大名菜！醬香濃郁，火候是關鍵！| 老飯骨,,https://www.youtube.com/watch?v=tWrirIlLDVk
public_chinese_only,2022-01-11,5:35,oOfw9KB9quw,State Banquet Master · Qilin fish,【國宴大師•麒麟魚】鮮美滑嫩，不柴不腥！教你蒸正宗的麒麟魚！| 老飯骨,,https://www.youtube.com/watch?v=oOfw9KB9quw
public_chinese_only,2022-01-08,5:48,7h8AcEOXRLE,State Banquet Master · Demoli stewed fish,【國宴大師•得莫利燉魚】東北大廚教你正宗做法！原料簡單，鮮嫩入味，絕對解饞！| 老飯骨,,https://www.youtube.com/watch?v=7h8AcEOXRLE
public_chinese_only,2022-01-06,4:44,d-G8eZemskY,State Banquet Master · Pan-collapsed tenderloin,【國宴大師•鍋塌里脊】咸鮮香嫩，老少皆宜，火候是訣竅！還原最傳統正宗的做法！| 老飯骨,,https://www.youtube.com/watch?v=d-G8eZemskY
public_chinese_only,2022-01-04,7:16,5WyF0onJEfs,State Banquet Master · Flash-fried tripe,【國宴大師•爆肚】燙3次就能出鍋！脆嫩彈牙，口感豐富，地道！| 老飯骨,,https://www.youtube.com/watch?v=5WyF0onJEfs
public_chinese_only,2022-01-01,6:15,FhTVAgRwg6Q,State Banquet Master · Sauced-pork bao,【國宴大師•醬肉包】醬香濃郁餡料足，肉粒分明油爆爆！新年做醬肉包子！| 老飯骨,,https://www.youtube.com/watch?v=FhTVAgRwg6Q
public_chinese_only,2021-12-30,6:04,X6PjnYSRTJg,State Banquet Master · Douban beef,【國宴大師•豆瓣牛肉】軟爛入味超下飯！用最簡單的食材和方法做國宴版牛肉！| 老飯骨,,https://www.youtube.com/watch?v=X6PjnYSRTJg
public_chinese_only,2021-12-28,10:05,Ubn8MVjnF_M,State Banquet Master · Yipin sesame flatbread,【國宴大師•一品燒餅】皮酥脆，餡香甜！專業麵點師教你做，一學就會！| 老飯骨,,https://www.youtube.com/watch?v=Ubn8MVjnF_M
public_chinese_only,2021-12-25,18:27,__MTbkI8vNw,Olympic champion Yang Qian cooks oil-braised prawns with Grandpa and Er Bo,跨界聯動！奧運冠軍楊倩跟大爺二伯一起做油燜大蝦！| 老飯骨,,https://www.youtube.com/watch?v=__MTbkI8vNw
public_chinese_only,2021-12-23,6:35,qU7jyeTvT4Y,State Banquet Master · Northeast fried pork in sauce,【國宴大師•溜肉段】紅白相間，外酥里嫩！掛糊調汁有技巧，傳統地道的東北菜！| 老飯骨,,https://www.youtube.com/watch?v=qU7jyeTvT4Y
public_chinese_only,2021-12-21,5:53,zNPxf7oXjIs,State Banquet Master · Deluxe fried rice,【國宴大師•什錦炒飯】粒粒分明，鬆軟焦香！營養豐富，老少皆宜！| 老飯骨,,https://www.youtube.com/watch?v=zNPxf7oXjIs
public_chinese_only,2021-12-20,8:54,G_lp5owPq8c,State Banquet Master · Mackerel dumplings,【國宴大師•鮁魚餃子】鮮味加倍，滿口留汁！手把手教你做魚肉餃子！| 老飯骨,,https://www.youtube.com/watch?v=G_lp5owPq8c
public_chinese_only,2021-12-16,8:02,b_mSBsXBJto,State Banquet Master · Boiled-water cabbage,【國宴大師•開水白菜】國宴級川菜在家也能做！白菜清甜軟爛，雞湯鮮美濃香！| 老飯骨,,https://www.youtube.com/watch?v=b_mSBsXBJto
public_chinese_only,2021-12-15,7:04,9Rx7IZLx4Zg,State Banquet Master · Red-braised big fish head,【國宴大師•紅燒大魚頭】汁紅味鮮，嫩滑過癮！絕對下飯的家常做法！| 老飯骨,,https://www.youtube.com/watch?v=9Rx7IZLx4Zg
public_chinese_only,2021-12-14,5:54,19ZON_p_sBI,State Banquet Master · Shrimp clear-broth noodles,【國宴大師•蝦仁清湯麵】不放一滴油，清淡又爽口！在家幾分鐘就能做！| 老飯骨,,https://www.youtube.com/watch?v=19ZON_p_sBI
public_chinese_only,2021-12-07,8:53,pmFduu6fXVU,State Banquet Master · Mala young chicken,【國宴大師•麻辣仔雞】香酥鮮嫩，麻辣過癮！用料簡單，在家就能做！| 老飯骨,,https://www.youtube.com/watch?v=pmFduu6fXVU
public_chinese_only,2021-12-04,6:06,cXu6y25Sfms,State Banquet Master · Poria chestnut soup,【國宴大師•茯苓栗子羹】5分鐘學做茯苓栗子羹！綿密細滑易入口，養胃又健脾！| 老飯骨,,https://www.youtube.com/watch?v=cXu6y25Sfms
public_chinese_only,2021-12-02,13:04,Os3uZTO39mw,State Banquet Master · Dong'an young chicken,【國宴大師•東安仔雞】酸辣鹹香，歷史悠久，兩種做法，一口難忘！| 老飯骨,,https://www.youtube.com/watch?v=Os3uZTO39mw
public_chinese_only,2021-11-30,9:20,0JpkDkTVOgI,State Banquet Master · Lamb spine hot pot,【國宴大師•羊蝎子】湯白肉鮮，軟爛脫骨！家庭做法，簡易上手！| 老飯骨,,https://www.youtube.com/watch?v=0JpkDkTVOgI
public_chinese_only,2021-11-27,4:54,xEVmqj4hwR4,State Banquet Master · Vegetarian hot-oil noodles,【國宴大師•素熗鍋面】家庭快手版方便麵！湯鮮味美，幾分鐘就能搞定！| 老飯骨,,https://www.youtube.com/watch?v=xEVmqj4hwR4
public_chinese_only,2021-11-23,10:39,oN0IeNenNIU,State Banquet Master · Guo bao rou,【國宴大師•鍋包肉】外焦里嫩，酸甜酥脆！正宗地道的東北做法！| 老飯骨,,https://www.youtube.com/watch?v=oN0IeNenNIU
public_chinese_only,2021-11-20,5:39,Cx3MB7XrJIo,State Banquet Master · Fried chicken skin,【國宴大師•炸雞皮】麻辣鹹香，口感嘎嘣脆，能當零食的最佳炸物！｜老飯骨,,https://www.youtube.com/watch?v=Cx3MB7XrJIo
public_chinese_only,2021-11-18,10:07,6M0b7zLQl8Q,State Banquet Master · Red-braised beef,【國宴大師•紅燒牛肉】家常版做法！軟爛入味，湯汁還能留著煮麵吃！｜老飯骨,,https://www.youtube.com/watch?v=6M0b7zLQl8Q
public_chinese_only,2021-11-16,8:02,0AYDTzSvnls,State Banquet Master · Radish lamb stew,【國宴大師•蘿蔔燉羊肉】蘿蔔晶瑩剔透，羊肉不腥不羶！湯清肉爛，喝一口 暖全身！| 老飯骨,,https://www.youtube.com/watch?v=0AYDTzSvnls
public_chinese_only,2021-11-13,7:17,AslY-5omfPU,State Banquet Master · Stone-pot tofu,【國宴大師•石鍋豆腐】麻醬香濃，豆腐軟嫩，熱氣騰騰，家常味十足！| 老飯骨,,https://www.youtube.com/watch?v=AslY-5omfPU
public_chinese_only,2021-11-12,7:16,HsYySy3X2eo,State Banquet Master · Aged-vinegar pork,【國宴大師•老醋烧肉】肥而不膩，瘦而不柴！廚房小白在家也能輕鬆做！| 老飯骨,,https://www.youtube.com/watch?v=HsYySy3X2eo
public_chinese_only,2021-11-09,8:04,gyxJh9be4ss,State Banquet Master · Dipping-sauce lamb,【國宴大師•蘸水羊肉】羊肉怎麼煮才不羶？教你做軟爛香嫩的蘸水羊肉！| 老飯骨,,https://www.youtube.com/watch?v=gyxJh9be4ss
public_chinese_only,2021-11-06,10:02,3JPR3-eKidk,State Banquet Master · Red-braised daikon,【國宴大師•紅燒大蘿蔔】只需3步，做開胃解饞，入口即化的紅燒蘿蔔！比肉還好吃！| 老飯骨,,https://www.youtube.com/watch?v=3JPR3-eKidk
public_chinese_only,2021-11-04,10:58,1WzIicKBCxs,State Banquet Master · Pot-smothered beef,【國宴大師•罐燜牛肉】湯鮮肉爛，色澤紅亮！家庭做法，國宴口味！| 老飯骨,,https://www.youtube.com/watch?v=1WzIicKBCxs
public_chinese_only,2021-11-02,11:42,Ji6WmQ9zWcw,State Banquet Master · Dancing chestnut roast chicken,【國宴大師•會跳舞的板栗燒雞】雞肉軟爛，栗子甘甜，醬香濃郁，1次能下3碗飯！| 老飯骨,,https://www.youtube.com/watch?v=Ji6WmQ9zWcw
public_chinese_only,2021-10-30,12:39,8ZPgsxG5VhU,State Banquet Master · Sauced fish maw,【國宴大師•熘魚脯】鮮香滑嫩，晶瑩剔透，老少皆宜！經典中的經典！| 老飯骨,,https://www.youtube.com/watch?v=8ZPgsxG5VhU
public_chinese_only,2021-10-26,9:36,sw9aCoKZTRg,State Banquet Master · Plum-blossom four vegetables,【國宴大師•梅花四素】不煎也不炒，清爽又營養！70年代傳承至今的經典國宴菜！| 老飯骨,,https://www.youtube.com/watch?v=sw9aCoKZTRg
public_chinese_only,2021-10-23,8:39,klEuIxeOpuM,State Banquet Master · Palace Buddha's-hand rolls,【國宴大師•宮廷佛手捲】鹹香酥脆顏值高，只用雞蛋&肉末就能完美還原的宮廷菜！| 老飯骨,,https://www.youtube.com/watch?v=klEuIxeOpuM
public_chinese_only,2021-10-21,13:09,nH1czWvmY9o,State Banquet Master · Sugar-oil cakes,【國宴大師•糖油餅】外層焦香，內裡暄軟，越嚼越香！地道的老北京配方！| 老飯骨,,https://www.youtube.com/watch?v=nH1czWvmY9o
public_chinese_only,2021-10-16,11:02,w_Ae-V8AyEw,State Banquet Master · Secret roast fish,【國宴大師•秘制燒魚】外酥里嫩，橙香濃郁！二伯創新秘製做法！| 老飯骨,,https://www.youtube.com/watch?v=w_Ae-V8AyEw
public_chinese_only,2021-10-14,11:09,TG8ZNB6YKPg,State Banquet Master · Crab three ways,【國宴大師•螃蟹3吃】螃蟹怎麼殺、怎麼做才好吃？大爺手把手教你拆螃蟹 & 做螃蟹！| 老飯骨,,https://www.youtube.com/watch?v=TG8ZNB6YKPg
public_chinese_only,2021-10-12,10:07,Xb9nHDS6VkE,State Banquet Master · Happy pork hock,【國宴大師•快樂肘子】醬香濃郁，酥爛脫骨！廚房小白也能輕鬆學會的肘子新做法！| 老飯骨,,https://www.youtube.com/watch?v=Xb9nHDS6VkE
public_chinese_only,2021-10-09,8:19,AfP_C-YcYUU,State Banquet Master · Wrapped braised tofu,【國宴大師•裹燒豆腐】外焦里嫩，香氣四溢，口口爆汁！豆腐最好吃的做法！| 老飯骨,,https://www.youtube.com/watch?v=AfP_C-YcYUU
public_chinese_only,2021-10-04,12:59,yRk3KUumIn8,State Banquet Master · Palace sauced beef,【國宴大師•宮廷醬牛肉】正宗宮廷秘製配方！醬香濃郁，筋軟肉酥！| 老飯骨,,https://www.youtube.com/watch?v=yRk3KUumIn8
public_chinese_only,2021-09-29,2:41,FG7pOPeeYLA,State Banquet Master · Snowflake peach mash,【國宴大師•雪花桃泥】2分鐘學會四川傳統名菜！滋潤爽口，香甜細嫩！| 老飯骨,,https://www.youtube.com/watch?v=FG7pOPeeYLA
public_chinese_only,2021-09-25,7:53,d9fbFU-S8Eg,State Banquet Master · Scalded rice,【國宴大師•燙飯】剩下的米飯和菜不要扔！復刻老北京燙飯，兒時的味道！| 老飯骨,,https://www.youtube.com/watch?v=d9fbFU-S8Eg
public_chinese_only,2021-09-23,7:29,j7ZW8Qfm8uk,State Banquet Master · West Lake vinegar fish,【國宴大師•西湖醋魚】不放一滴油！外酥里嫩，做法簡便，正宗地道的杭幫菜！| 老飯骨,,https://www.youtube.com/watch?v=j7ZW8Qfm8uk
public_chinese_only,2021-09-16,2:20,bFY2w4iKtKA,State Banquet Master · Mango pomelo sago,【國宴大師•楊枝甘露】80秒學做軟糯香甜的楊枝甘露！透心涼，吃到爽！| 老飯骨,,https://www.youtube.com/watch?v=bFY2w4iKtKA
public_chinese_only,2021-09-14,7:43,Rnrd66MrwKc,State Banquet Master · Faggot-tied duck,【國宴大師•柴把鴨子】滿漢全席名菜！鴨子軟爛，火腿鮮香，一口一捆！ | 老飯骨,,https://www.youtube.com/watch?v=Rnrd66MrwKc
public_chinese_only,2021-09-09,4:32,Ll0zRfEgLoM,State Banquet Master · Taro black-bean steamed chicken,【國宴大師•香芋豉汁蒸滑雞】葷素結合，香氣四溢，越嚼越香！堪稱完美的味道！| 老飯骨,,https://www.youtube.com/watch?v=Ll0zRfEgLoM
public_chinese_only,2021-09-07,6:25,t7w49-atqPE,State Banquet Master · Yu-xiang chicken steak,【國宴大師•魚香雞扒】咸鮮酸辣，外焦里嫩，好吃的連汁儿都不剩！| 老飯骨,,https://www.youtube.com/watch?v=t7w49-atqPE
public_chinese_only,2021-09-04,5:32,BZhdXheAO_4,State Banquet Master · Hometown small river fish,【國宴大師•家鄉小河魚】金黃酥脆，外焦里嫩，酸辣鮮香！在家也能輕鬆做！| 老飯骨,,https://www.youtube.com/watch?v=BZhdXheAO_4
public_chinese_only,2021-09-02,3:39,8TCsRYb0eSU,State Banquet Master · Sprite chicken wings,【國宴大師•雪碧雞翅】2分鐘學做雪碧雞翅！噴香入味，軟爛脫骨，老少皆宜！| 老飯骨,,https://www.youtube.com/watch?v=8TCsRYb0eSU
public_chinese_only,2021-08-31,4:03,pZM4asunpFM,State Banquet Master · Shrimp with scrambled egg,【國宴大師•滑蛋蝦仁】鮮香嫩滑，爽口彈牙！ 2分鐘就能學會的快手家常菜！| 老飯骨,,https://www.youtube.com/watch?v=pZM4asunpFM
public_chinese_only,2021-08-28,10:03,D4_u2qDXAqM,State Banquet Master · A full table in one hour,【國宴大師•一小時一桌飯】大爺挑戰1小時做出一桌家常菜！快手又經典的家庭套餐！| 老飯骨,,https://www.youtube.com/watch?v=D4_u2qDXAqM
public_chinese_only,2021-08-26,8:06,wAtwiJXR0U8,State Banquet Master · Rock-sugar pork hock,【國宴大師•冰糖肘子】肉質軟爛，甜鹹適中，色澤紅亮！在家用高壓鍋&炒鍋都能做！| 老飯骨,,https://www.youtube.com/watch?v=wAtwiJXR0U8
public_chinese_only,2021-08-24,6:53,IOoSIX5zgRc,State Banquet Master · Shredded-chicken cold noodles,【國宴大師•雞絲涼麵】鹹甜麻辣酸鮮香，七味俱全！還原70年代的傳統雞絲涼麵！| 老飯骨,,https://www.youtube.com/watch?v=IOoSIX5zgRc
public_chinese_only,2021-08-21,11:02,hMZm3I0dzGo,State Banquet Master · Suzhou sauced duck,【國宴大師•蘇州醬鴨】有700多年曆史的滿漢全席名菜！甜中帶咸，味美鮮嫩！| 老飯骨,,https://www.youtube.com/watch?v=hMZm3I0dzGo
public_chinese_only,2021-08-19,10:01,Y4F9or4xd30,State Banquet Master · Spare ribs stewed with beans,【國宴大師•排骨燉豆角】軟爛入味，油香下飯，百吃不厭！正宗東北味！| 老飯骨,,https://www.youtube.com/watch?v=Y4F9or4xd30
public_chinese_only,2021-08-17,8:02,GpQvYkGVgcU,State Banquet Master · Cuttlefish-egg soup,【國宴大師•烏魚蛋湯】鹹香酸辣，湯鮮不腥！還有雞湯速成的妙招，小白在家也能做！| 老飯骨,,https://www.youtube.com/watch?v=GpQvYkGVgcU
public_chinese_only,2021-08-13,0:41,litlB4Qo4iA,LaoFanGu · Members perk,【老飯骨•粉絲會員福利】老飯骨學堂，一學就會！歡迎大家來上課！,zh-Hant,https://www.youtube.com/watch?v=litlB4Qo4iA
public_chinese_only,2021-08-12,10:20,F_4A-tuLJWU,State Banquet Master · Pork baozi,【國宴大師•肉包子】蓬鬆暄軟，鮮嫩多汁！和麵&調餡的秘訣都在這了！| 老飯骨,,https://www.youtube.com/watch?v=F_4A-tuLJWU
public_chinese_only,2021-08-10,5:42,MCnekERMgHU,State Banquet Master · Fu rong chicken slices,【國宴大師•芙蓉雞片】口感鬆軟，嫩滑鮮香！原來這道國宴名菜的做法這麼簡單！| 老飯骨,,https://www.youtube.com/watch?v=MCnekERMgHU
public_chinese_only,2021-08-07,6:15,2zQA6KoCmZ8,State Banquet Master · Sauced pigeon,【國宴大師•醬鴿】醬香濃郁，酥爛脫骨，鹹甜味足，好吃到停不下來！| 老飯骨,,https://www.youtube.com/watch?v=2zQA6KoCmZ8
public_chinese_only,2021-08-05,5:43,igX93GrrxZs,State Banquet Master · Sauce-fried diced pork,【國宴大師•醬爆肉丁】香嫩酥脆，醬汁濃郁，簡單易做超下飯！| 老飯骨,,https://www.youtube.com/watch?v=igX93GrrxZs
public_chinese_only,2021-08-03,6:31,A0xah7f-Quc,State Banquet Master · Lotus-scented steak,【國宴大師•荷香牛扒】鮮嫩多汁，味蕾爆炸！08年北京奧運會國宴菜！| 老飯骨,,https://www.youtube.com/watch?v=A0xah7f-Quc
public_chinese_only,2021-07-31,5:46,Qh2sfmVheaA,State Banquet Master · Flaming salt-baked chicken,【國宴大師•火焰鹽焗雞】咸鮮入味，一口滿嘴香！有砂鍋就能做，省時又省事！| 老飯骨,,https://www.youtube.com/watch?v=Qh2sfmVheaA
public_chinese_only,2021-07-29,7:07,Oau9Ei7ZxZY,State Banquet Master · Vegetarian steak,【國宴大師•素牛排】把白靈菇做成牛排，香味十足，方法簡單，素食主義者的福音！| 老飯骨,,https://www.youtube.com/watch?v=Oau9Ei7ZxZY
public_chinese_only,2021-07-27,6:15,tyMSCLHukm4,State Banquet Master · Pan-collapsed fish slices,【國宴大師•鍋塌魚片】魚肉鮮嫩，口感細膩，入味又下飯，一鍋不夠吃！| 老飯骨,,https://www.youtube.com/watch?v=tyMSCLHukm4
public_chinese_only,2021-07-24,9:17,0pgDhZFtcn8,State Banquet Master · Red-braised saddle-bridge (pork),【國宴大師•紅燒馬鞍橋】酥爛脫骨，入口即化，鹹香甜具備，老人小孩都愛吃！| 老飯骨,,https://www.youtube.com/watch?v=0pgDhZFtcn8
public_chinese_only,2021-07-22,5:45,NvTtSWcoEXI,State Banquet Master · Stir-fried okara,【國宴大師•炒豆渣】豆渣可千萬別扔！做成炒豆渣，金黃酥脆，綿密鮮香！| 老飯骨,,https://www.youtube.com/watch?v=NvTtSWcoEXI
public_chinese_only,2021-07-20,6:34,7rmDbRguS-k,State Banquet Master · Liangfen (mung-bean jelly),【國宴大師•涼粉】Q彈筋道，清涼爽口，現吃現做，乾淨又衛生！| 老飯骨,,https://www.youtube.com/watch?v=7rmDbRguS-k
public_chinese_only,2021-07-17,8:51,9gjY2JtGRAM,State Banquet Master · Quick-fried beef,【國宴大師•小炒牛肉】滑嫩鮮香，入口即化，一次能下三碗飯！| 老飯骨,,https://www.youtube.com/watch?v=9gjY2JtGRAM
public_chinese_only,2021-07-15,5:10,s6CMSTQcrmw,State Banquet Master · Vegetarian lamb skewers,【國宴大師•素羊肉串】把猴頭菇做成羊肉串！外焦里嫩，香酥乾脆，比真肉串還好吃！| 老飯骨,,https://www.youtube.com/watch?v=s6CMSTQcrmw
public_chinese_only,2021-07-13,5:52,o2_P96BBntM,State Banquet Master · Grilled brain,【國宴大師•烤腦花】夏日家庭小燒烤！麻辣鮮香，軟滑細嫩，好吃慘咯！| 老飯骨,,https://www.youtube.com/watch?v=o2_P96BBntM
public_chinese_only,2021-07-10,5:35,P_k2gdtoD_8,State Banquet Master · Roast pork belly,【國宴大師•烤五花肉】自製脆皮五花肉！一口肉一口蒜，外焦里嫩，一口爆油！| 老飯骨,,https://www.youtube.com/watch?v=P_k2gdtoD_8
public_chinese_only,2021-07-08,9:34,juyAZzo5Z4A,State Banquet Master · Eggplant showdown,【國宴大師•茄子大戰】大爺做的茄子 VS 二伯做的茄子！軟爛鮮嫩，入口即化！| 老飯骨,,https://www.youtube.com/watch?v=juyAZzo5Z4A
public_chinese_only,2021-07-03,4:59,VoDG4S5XbFY,State Banquet Master · Creamy pumpkin vegetable stew,【國宴大師•奶油南瓜素燴】咸鮮微甜，奶香濃鬱，營養又好做的創新菜！| 老飯骨,,https://www.youtube.com/watch?v=VoDG4S5XbFY
public_chinese_only,2021-07-01,8:39,gI-JRGfUjZs,State Banquet Master · Spicy stir-fried clams,【國宴大師•辣炒花蛤】正宗青島小海鮮！麻辣鮮香，一嗦一個，保你吃得汁都不剩！| 老飯骨,,https://www.youtube.com/watch?v=gI-JRGfUjZs
public_chinese_only,2021-06-29,5:54,qIxQSAYlv6U,State Banquet Master · Grilled kidneys,【國宴大師•烤腰子】在家也能做燒烤！烤腰子滋滋冒油，一口一個，滿嘴飄香！| 老飯骨,,https://www.youtube.com/watch?v=qIxQSAYlv6U
public_chinese_only,2021-06-26,15:01,MySMkITPZq4,State Banquet Master · Red-braised pork showdown,【國宴大師•紅燒肉大戰】大爺做的紅燒肉 VS 大媽做的紅燒肉！肥而不膩，滿嘴飄香！ | 老飯骨,,https://www.youtube.com/watch?v=MySMkITPZq4
public_chinese_only,2021-06-24,6:01,hRCFDhaTdKc,State Banquet Master · Zhuangyuan chicken skewers,【國宴大師•狀元雞肉串】外焦里嫩肉質鮮！不用火烤，有鍋就能做！| 老飯骨,,https://www.youtube.com/watch?v=hRCFDhaTdKc
public_chinese_only,2021-06-22,10:21,pwJqV6rRTD0,State Banquet Master · Typhoon-shelter prawns,【國宴大師•避風塘炒大蝦】蒜香蝦香，鹹香酥香，口口生香！連蝦殼都捨不得丟~ | 老飯骨,,https://www.youtube.com/watch?v=pwJqV6rRTD0
public_chinese_only,2021-06-19,6:35,xBfHOOU7RiI,State Banquet Master · Crispy shrimp rolls,【國宴大師•脆皮蝦卷】酥脆鮮香、蝦肉滑嫩，國宴菜也能在家完美呈現！ | 老飯骨,,https://www.youtube.com/watch?v=xBfHOOU7RiI
public_chinese_only,2021-06-16,5:15,W_xEzF6MdyY,State Banquet Master · Kimchi sea bass,【國宴大師•泡菜鱸魚】湯鮮肉嫩，酸辣開胃！學會靈魂湯汁，什麼魚都能做！| 老飯骨,,https://www.youtube.com/watch?v=W_xEzF6MdyY
public_chinese_only,2021-06-14,4:17,wj1jcH_USNA,State Banquet Master · Bitter-melon spare-rib soup,【國宴大師•苦瓜排骨湯】夏季清熱解暑一定要喝這碗湯！健康美味做法簡單，清爽好味道！ |老飯骨,,https://www.youtube.com/watch?v=wj1jcH_USNA
public_chinese_only,2021-06-11,5:07,1Oo2nKa2obQ,State Banquet Master · Chicken zongzi,【國宴大師•雞肉粽子】鹹甜鮮辣，醬香軟糯！詳細做法、包法都在這了！| 老飯骨,,https://www.youtube.com/watch?v=1Oo2nKa2obQ
public_chinese_only,2021-06-09,5:27,M7QX1gdcmK4,State Banquet Master · Big crispy fried pork,【國宴大師•大酥肉】外酥里嫩、金黃誘人！比小酥肉吃著更過癮的大酥肉來了，黃金配比在這裡！ |老飯骨,,https://www.youtube.com/watch?v=M7QX1gdcmK4
public_chinese_only,2021-06-07,3:40,Eov99NcL-7c,State Banquet Master · Green-bean braised noodles,【國宴大師•扁豆燜面】傳統地道的老北京扁豆燜面！做法極簡，鮮香味濃！| 老飯骨,,https://www.youtube.com/watch?v=Eov99NcL-7c
public_chinese_only,2021-06-04,7:43,J9RDr5biw-g,State Banquet Master · Tendon-and-cartilage beef,【國宴大師•筋頭巴腦】軟爛香濃、熱氣騰騰好味道！一點腥味都沒有！ |老飯骨,,https://www.youtube.com/watch?v=J9RDr5biw-g
public_chinese_only,2021-06-02,5:15,E5Cv4MiPd4w,State Banquet Master · Garlic chicken-wing pot,【國宴大師•蒜燒雞翅煲】蒜香入味，肉嫩多汁！空口吃黑蒜？大爺表示毫無壓力！| 老飯骨,,https://www.youtube.com/watch?v=E5Cv4MiPd4w
public_chinese_only,2021-05-31,8:41,nD5QmPy_POQ,State Banquet Master · Black-bean chili diced chicken,【國宴大師•豉椒雞丁】大媽都愛的下飯家常豉椒雞丁！雞肉鮮香細嫩、豆豉入味，一碗米飯都吃不過癮！ |老飯骨,,https://www.youtube.com/watch?v=nD5QmPy_POQ
public_chinese_only,2021-05-28,6:18,syrVA2vX-I8,State Banquet Master · Steamed meat cake,【國宴大師•蒸肉餅】香滑Q彈，鹹鮮味足！二伯40多年來吃過最香的蒸肉餅！| 老飯骨,,https://www.youtube.com/watch?v=syrVA2vX-I8
public_chinese_only,2021-05-26,8:50,k_BUKH2xMPE,State Banquet Master · XO sauce dragon-phoenix balls,【國宴大師•XO醬爆龍鳳球】家庭自製XO醬，做法簡單，回味無窮的萬能醬！蘸什麼都好吃！ |老飯骨,,https://www.youtube.com/watch?v=k_BUKH2xMPE
public_chinese_only,2021-05-25,7:03,Jf83DkzFjik,State Banquet Master · Sauced liver tips,【國宴大師•熘肝尖】快火速成才夠地道！軟嫩鮮滑，不腥不老，味美鹹香！| 老飯骨,,https://www.youtube.com/watch?v=Jf83DkzFjik
public_chinese_only,2021-05-22,0:58,yPOfhj-q9TY,In memory of Yuan Longping,【紀念袁隆平院士】一株穗，一抔土，一餐飯，一世功，英雄袁隆平院士，一生辛苦，一路走好！ |老飯骨 #Shorts,,https://www.youtube.com/watch?v=yPOfhj-q9TY
public_chinese_only,2021-05-21,3:58,jaiyl1Cmds0,State Banquet Master · Winter melon mash,【國宴大師•冬瓜蓉】清爽解膩、健康低脂、鮮香味美沒有一滴油！簡單又易學，夏季減脂學起來！ |老飯骨,,https://www.youtube.com/watch?v=jaiyl1Cmds0
public_chinese_only,2021-05-19,2:56,YDO7vtiFAYA,State Banquet Master · Sour-radish duck-blood noodle soup,【國宴大師•酸蘿蔔鴨血粉絲湯】鮮辣酸爽的酸蘿蔔鴨血粉絲湯，包你冬天冒汗，夏天開胃！| 老飯骨,,https://www.youtube.com/watch?v=YDO7vtiFAYA
public_chinese_only,2021-05-17,8:21,ji9H45GbJC8,State Banquet Master · Mirror-box tofu,【國宴大師•鏡箱豆腐】豆腐做成的黃金寶箱，裡面藏著大乾坤！化腐朽為神奇的一道菜！ |老飯骨,,https://www.youtube.com/watch?v=ji9H45GbJC8
public_chinese_only,2021-05-14,3:39,C5g24D1-FEs,State Banquet Master · Cold dressed crucian carp,【國宴大師•涼拌鯽魚】簡單快手的四川名菜涼拌鯽魚！不寬油也能鮮辣清香！ | 老飯骨,,https://www.youtube.com/watch?v=C5g24D1-FEs
public_chinese_only,2021-05-12,4:14,Y7KolMqdsZQ,State Banquet Master · Scorched stir-fried instant noodles,【國宴大師•焦炒方便麵】方便麵也能做得外焦里嫩？深夜食堂必做，滿滿澆頭真過癮！ |老飯骨,,https://www.youtube.com/watch?v=Y7KolMqdsZQ
public_chinese_only,2021-05-10,8:01,cWOaGoVBIWA,State Banquet Master · Oil-braised prawns,【國宴大師•油燜大蝦】魯菜大師手把手教學油燜大蝦！咸鮮微甜、香氣撲鼻，技巧原來這麼多！ |老飯骨,,https://www.youtube.com/watch?v=cWOaGoVBIWA
public_chinese_only,2021-05-07,4:03,AlKLJnrFa_Y,State Banquet Master · Toon fish,【國宴大師•香椿魚】春季必吃的香椿鱼！两种吃法，香酥鲜嫩真过瘾！|老飯骨,,https://www.youtube.com/watch?v=AlKLJnrFa_Y
public_chinese_only,2021-05-03,4:36,yqLjeOVT7sg,State Banquet Master · Labor Day special,【國宴大師•勞動節特輯】老飯骨獨家幕後，勞動節不勞動之剩菜都去哪兒了？ |老飯骨,,https://www.youtube.com/watch?v=yqLjeOVT7sg
public_chinese_only,2021-04-30,1:42,MHe4hqYycbA,State Banquet Master · Toon cold noodles,【國宴大師•香椿涼麵】涼爽解膩、新鮮清香的時令菜—香椿涼麵！二伯創新做法，簡單易學！ |老飯骨,,https://www.youtube.com/watch?v=MHe4hqYycbA
public_chinese_only,2021-04-28,6:02,oTL1AO-XBMY,State Banquet Master · Spicy pig trotters,【國宴大師•香辣豬蹄】酥爛脫骨而不失其形、香辣過癮而更顯其味！這道香辣豬蹄讓你吃爽！ |老飯骨,,https://www.youtube.com/watch?v=oTL1AO-XBMY
public_chinese_only,2021-04-26,8:40,AhXUsVBc_uo,State Banquet Master · Yangzhou dry tofu shreds in broth,【國宴大師•大煮干絲】大爺還原淮陽傳統名菜大煮干絲！滋味醇厚、刀工精細千絲萬縷，這道菜乾貨滿滿！ |老飯骨,,https://www.youtube.com/watch?v=AhXUsVBc_uo
public_chinese_only,2021-04-23,4:33,CxVeSP1r840,State Banquet Master · Baihua stuffed steamed tofu,【國宴大師•百花蒸瓤豆腐】宴客做這道菜準沒錯！嫩滑彈牙、鮮香味美，小白都能輕鬆做！ |老飯骨,,https://www.youtube.com/watch?v=CxVeSP1r840
public_chinese_only,2021-04-21,4:13,zYhDeWNxa_0,State Banquet Master · Mini lion's-head meatballs,【國宴大師•小小獅子頭】非油炸更健康的獅子頭做法！肉質軟糯、藕丁脆爽、咸鮮適口，全家人都愛吃！ |老飯骨,,https://www.youtube.com/watch?v=zYhDeWNxa_0
public_chinese_only,2021-04-19,6:04,T3WYy55clgs,State Banquet Master · Sweet-and-sour tenderloin,【國宴大師•糖醋里脊】酸甜可口、色澤金黃，大爺二伯齊上手的軟熘糖醋里脊，味道就是棒！ |老飯骨,,https://www.youtube.com/watch?v=T3WYy55clgs
public_chinese_only,2021-04-16,3:41,7bdzWAu3VPk,State Banquet Master · Vegetarian twice-cooked pork,【國宴大師•素回鍋肉】簡單快手下飯菜—素回鍋肉！實惠又健康，唯一缺點就是費米飯！ |老飯骨,,https://www.youtube.com/watch?v=7bdzWAu3VPk
public_chinese_only,2021-04-14,5:00,K76m-QBEPoY,State Banquet Master · Ham sausage,【國宴大師•火腿腸】一道直擊靈魂的創新菜！麻辣清香，火腿腸還能這麼做？ |老飯骨,,https://www.youtube.com/watch?v=K76m-QBEPoY
public_chinese_only,2021-04-12,6:31,o2qJWK_sj3s,State Banquet Master · Kung pao shrimp balls,【國宴大師•宮保蝦球】量化版宮保汁儿！最新流行的味道，酸甜可口、糊辣鮮香，這幾個小細節一定得注意！ |老飯骨,,https://www.youtube.com/watch?v=o2qJWK_sj3s
public_chinese_only,2021-04-08,5:10,iMqlVJc-dhY,State Banquet Master · Slow-braised pork navel,【國宴大師•煨臍門】淮揚名菜煨臍門！沒有高湯也能做出這麼鮮美的湯！ |老飯骨,,https://www.youtube.com/watch?v=iMqlVJc-dhY
public_chinese_only,2021-04-06,9:53,mqHXG-BI33Q,State Banquet Master · Eel two ways,【國宴大師•鱔魚兩吃】鱔魚做出兩種吃法，肉質細嫩、味道濃郁、爽脆過癮！ |老飯骨,,https://www.youtube.com/watch?v=mqHXG-BI33Q
public_chinese_only,2021-04-02,2:39,4LnrpnX7pWo,State Banquet Master · Tiger-skin green chilies,【國宴大師•虎皮尖椒】下飯快手菜虎皮尖椒，辣椒綿軟酸辣，好吃才是王道！三兄弟的靈魂拷問|老飯骨,,https://www.youtube.com/watch?v=4LnrpnX7pWo
public_chinese_only,2021-03-31,9:53,W4NT46UVeSo,State Banquet Master · Sweet-and-sour fish,【國宴大師•糖醋魚】標準量化的糖醋汁儿，汁明亮芡，不怕您學不會！美容養顏醪糟雞蛋！ |老飯骨,,https://www.youtube.com/watch?v=W4NT46UVeSo
public_chinese_only,2021-03-26,5:51,t2ybQd_0mgk,State Banquet Master · Dried-shrimp winter melon,【國宴大師•蝦皮炒冬瓜】糯、脆、咸、香還回辣！冬瓜這個做法你肯定沒吃過！ |老飯骨,,https://www.youtube.com/watch?v=t2ybQd_0mgk
public_chinese_only,2021-03-24,11:29,DZJ9HStdLk8,State Banquet Master · Red-braised spare ribs,【國宴大師•紅燒排骨】軟爛耙香、色澤紅亮，最詳細的家庭版紅燒排骨做法，就是下飯！ |老飯骨,,https://www.youtube.com/watch?v=DZJ9HStdLk8
public_chinese_only,2021-03-22,8:21,TxfiUieKrm4,State Banquet Master · Sesame-sauce sweet cakes,【國宴大師•麻醬糖餅】外皮酥脆、內心綿軟，滿滿的芝麻醬和紅糖，甜到心裡！老飯骨解惑|老飯骨,,https://www.youtube.com/watch?v=TxfiUieKrm4
public_chinese_only,2021-03-19,8:12,jCZdOpJTqoM,State Banquet Master · Flash-fried cabbage,【國宴大師•熗炒蓮花白】鮮嫩爽脆、香辣下飯，家常川菜熗炒蓮花白，技巧全在這兒了！ |老飯骨,,https://www.youtube.com/watch?v=jCZdOpJTqoM
public_chinese_only,2021-03-17,8:55,Zt6ARLXgzwA,State Banquet Master · Candied pulled sweet potato,【國宴大師•拔絲紅薯】如何做出4米長的拔絲？老飯骨師門打擂，兩種拔絲方法大比拼，到底誰更勝一籌？ |老飯骨,zh-Hans,https://www.youtube.com/watch?v=Zt6ARLXgzwA
public_chinese_only,2021-03-15,8:33,rDPlZTBzP-M,State Banquet Master · Old-cook cabbage,【國宴大師•老廚白菜】酸辣開胃、鮮嫩爽脆，簡單家常炒白菜也需要小技巧，太下飯了！老飯骨快問快答|老飯骨,zh-Hans,https://www.youtube.com/watch?v=rDPlZTBzP-M
public_chinese_only,2021-03-12,8:15,7RFE5eQFgo0,State Banquet Master · Mala boneless chicken,【國宴大師•麻辣脫骨雞】軟爛脫骨，麻辣爽口過癮，吃完一隻都不夠的“神仙雞”！老飯骨快問快答|老飯骨,zh-Hans,https://www.youtube.com/watch?v=7RFE5eQFgo0
public_chinese_only,2021-03-10,9:09,Zs5QwiL0YOY,State Banquet Master · Stir-fried instant noodles,【國宴大師•炒方便麵】國宴大師帶你解鎖方便麵更健康的吃法！鹹香味爽，食材豐盛吃的真過癮！老飯骨快問快答|老飯骨,zh-Hans,https://www.youtube.com/watch?v=Zs5QwiL0YOY
public_chinese_only,2021-03-08,11:06,BIxjLqBrH8A,State Banquet Master · Yu-xiang steamed egg,【國宴大師•魚香蒸蛋】蒸蛋潤、滑、嫩，精確到克的魚香汁兒做法！一看就能學會！ |老飯骨,zh-Hans,https://www.youtube.com/watch?v=BIxjLqBrH8A
public_chinese_only,2021-03-05,8:10,lffLyvf2HsI,State Banquet Master · Mung-bean mash,【國宴大師•小豆沫】健康天然、食其本味，一道清淡減脂、蔬香濃郁的小豆沫，真正原生態的味兒！ |老飯骨,zh-Hans,https://www.youtube.com/watch?v=lffLyvf2HsI
public_chinese_only,2021-03-03,10:20,AhmhPQpmZ7o,State Banquet Master · Shredded pork with zha cai,【國宴大師•榨菜肉絲】手把手教您做家常榨菜肉絲！細嫩脆爽、肉香撲鼻，下飯吃麵喝粥都合適！ |老飯骨,zh-Hans,https://www.youtube.com/watch?v=AhmhPQpmZ7o
public_chinese_only,2021-03-01,7:01,ungR-Wwyf3M,State Banquet Master · Chive pockets,【國宴大師•韭菜盒子】金黃酥脆，一口下去鮮香多汁，不露餡兒的韭菜盒子秘訣在這裡！ |老飯骨,zh-Hans,https://www.youtube.com/watch?v=ungR-Wwyf3M
public_chinese_only,2021-02-26,13:23,uWMKzJ9rZr4,State Banquet Master · Scallion-oil fish,【國宴大師•香蔥油淋魚】魚肉潔白鮮嫩，豉汁香氣四溢丨聽大爺二伯聊聊元宵節的美食！ |老飯骨,zh-Hans,https://www.youtube.com/watch?v=uWMKzJ9rZr4
public_chinese_only,2021-02-24,5:14,klJObo8G_JE,State Banquet Master · Oil-splashed noodles,【國宴大師•油潑面】陝西油潑面，筋道爽滑、香辣過癮、熱油一淋“呲啦”一聲，這碗麵絕了！ |老飯骨,zh-Hans,https://www.youtube.com/watch?v=klJObo8G_JE
public_chinese_only,2021-02-22,3:14,ELlHNUTYOxE,State Banquet Master · Vegetable-sliced beef cubes,【國宴大師•菜片牛肉粒】牛肉顆顆分明、細膩滑嫩、土豆酥脆，這一道能“牛”轉乾坤的菜片牛肉粒，牛年一定不要錯過！ |老飯骨,zh-Hans,https://www.youtube.com/watch?v=ELlHNUTYOxE
public_chinese_only,2021-02-18,3:35,pOFaEChAzBM,State Banquet Master · Fried nian gao,【國宴大師•炸年糕】外酥裡糯，咬一口棗泥餡兒的香味就出來了，家家都吃的過年小食！ |老飯骨,zh-Hans,https://www.youtube.com/watch?v=pOFaEChAzBM
public_chinese_only,2021-02-16,6:11,CULo4nUgrP0,State Banquet Master · Sichuan fragrant bowl,【國宴大師•四川香碗】四川過年必做的一道菜！鮮香軟糯，好吃健康，老人小孩都愛吃！ |老飯骨,zh-Hans,https://www.youtube.com/watch?v=CULo4nUgrP0
public_chinese_only,2021-02-14,7:31,rUs2d_SKmgM,State Banquet Master · Griddled pancake with egg,【國宴大師•烙餅攤雞蛋】初三得吃點橫菜，烙餅攤雞蛋夾肘子，中西結合，餅香肉香雞蛋香，這才過癮！ |老飯骨,zh-Hans,https://www.youtube.com/watch?v=rUs2d_SKmgM
public_chinese_only,2021-02-12,8:21,kkDMedK6B1k,State Banquet Master · Black-coffee beef dumplings,【國宴大師•黑咖牛肉餃子】二伯創新口味餃子！黑胡椒咖哩遇上牛肉，初一的餃子也能做出新意！ |老飯骨,zh-Hans,https://www.youtube.com/watch?v=kkDMedK6B1k
public_chinese_only,2021-02-11,3:44:06,uOQZ1DZCsco,State Banquet Master · New Year's Eve dinner,【國宴大師•年夜飯】除夕夜，老飯骨陪大家跨年咯！祝全世界的小友牛年大吉，牛運亨通！ |老飯骨,,https://www.youtube.com/watch?v=uOQZ1DZCsco
public_chinese_only,2021-02-11,10:46,44m3d8HeKqg,State Banquet Master · Firecracker chicken rolls,【國宴大師•炮仗雞捲】炮仗一口，年味兒就來了！ 30年前的老菜，寓意吉祥、軟熘做法、酸甜可口！ |老飯骨,zh-Hans,https://www.youtube.com/watch?v=44m3d8HeKqg
public_chinese_only,2021-02-10,7:41,TkgjiVqnwaw,State Banquet Master · Fried vegetarian balls,【國宴大師•炸素丸子】又酥又脆，滿口蔬香！沒想到素丸子也能這麼美味！老飯骨換新廚房咯！ |老飯骨,zh-Hans,https://www.youtube.com/watch?v=TkgjiVqnwaw
public_chinese_only,2021-02-09,7:26,qSgmu7AdSjE,State Banquet Master · Shepherd's-purse dumplings,【國宴大師•薺菜餃子】過年得吃這個餡兒的餃子！薺菜鮮嫩、皮薄餡大、百吃不厭！ |老飯骨,zh-Hans,https://www.youtube.com/watch?v=qSgmu7AdSjE
public_chinese_only,2021-02-08,6:57,gMuI7xEB2EA,State Banquet Master · Poon choi,【國宴大師•盆菜】家常鮑汁盆菜！年菜之王，喜慶團圓，匯聚多種食材精華！鮑汁原來是這麼做的！ |老飯骨,,https://www.youtube.com/watch?v=gMuI7xEB2EA
public_chinese_only,2021-02-05,8:02,QgBR_5jbtvc,State Banquet Master · Steamed pork with rice meal,【國宴大師•米粉肉】年菜必做老味兒米粉肉！肥而不膩、入口即化、香味四溢！真正老北京的情懷！ |老飯骨,,https://www.youtube.com/watch?v=QgBR_5jbtvc
public_chinese_only,2021-02-03,6:12,2-bexVlEXxg,State Banquet Master · Scallion-oil diced-pork zhajiang,【國宴大師•蔥油肉丁炸醬】三醬合一的蔥油肉丁炸醬全步驟，大爺二伯齊上陣，簡直太香了！ |老飯骨,zh-Hans,https://www.youtube.com/watch?v=2-bexVlEXxg
public_chinese_only,2021-02-01,5:34,RGOnbsVqfiU,State Banquet Master · Fried beef meatballs,【國宴大師•炸牛肉丸子】超實在的年菜！外酥里嫩炸牛肉丸子，味準飄香，去腥的秘訣原來是這個！ |老飯骨,,https://www.youtube.com/watch?v=RGOnbsVqfiU
public_chinese_only,2021-01-29,4:16,0yU12JYTPY0,State Banquet Master · Black-pepper orange chicken wings,【國宴大師•黑椒香橙雞翅】更健康的炸雞翅做法！蔬果醃製，不膩還入味，酥香極了！ |老飯骨,zh-Hans,https://www.youtube.com/watch?v=0yU12JYTPY0
public_chinese_only,2021-01-27,4:00,b2o_WEuktbM,State Banquet Master · Fresh-set tofu,【國宴大師•原漿豆腐】不加一滴油！地地道道的養生菜，豆腐Q彈，湯鮮味美，健康又解饞！ |老飯骨,,https://www.youtube.com/watch?v=b2o_WEuktbM
public_chinese_only,2021-01-25,6:32,e2592QD24pg,State Banquet Master · Hot-and-sour soup & laba garlic,【國宴大師•酸辣湯&臘八蒜】酸辣開胃，喝一碗全身都暖和！乾貨滿滿的臘八蒜做法！ |老飯骨,zh-Hans,https://www.youtube.com/watch?v=e2592QD24pg
public_chinese_only,2021-01-22,5:08,E0yTmVx4j8o,State Banquet Master · Bean-sprout shredded tenderloin,【國宴大師•銀芽里脊絲】爽脆滑嫩、清淡適口，這樣的家常小炒菜一定得學起來！ |老飯骨,zh-Hans,https://www.youtube.com/watch?v=E0yTmVx4j8o
public_chinese_only,2021-01-20,5:43,vU7hmK1eQQg,State Banquet Master · Happy Family (assorted banquet stir-fry),【國宴大師•全家福】汤鲜味美，食材满满的超大份量什锦砂锅！全家人一起吃，美！|老飯骨,zh-Hans,https://www.youtube.com/watch?v=vU7hmK1eQQg
public_chinese_only,2021-01-18,5:05,248xwUT6QEg,State Banquet Master · Laba congee,【國宴大師•臘八粥】濃稠綿密，用愛熬出的一碗暖心臘八粥，養氣補血，做給愛的人吃！ |老飯骨,zh-Hans,https://www.youtube.com/watch?v=248xwUT6QEg
public_chinese_only,2021-01-15,4:47,lVq8-9W7WhU,State Banquet Master · Korean kimchi,【國宴大師•朝鮮泡菜】酸辣脆爽，從朝鮮師傅學到的原汁原味做法，年夜飯開胃解膩少不了！ |老飯骨,zh-Hans,https://www.youtube.com/watch?v=lVq8-9W7WhU
public_chinese_only,2021-01-13,4:53,OtebqOG_BYk,State Banquet Master · Mom's trotter flowers,【國宴大師•老媽蹄花】入口即化、軟爛脫骨！這一碗滋補養顏的老媽蹄花才是四川人的地道夜點心！ |老飯骨,zh-Hans,https://www.youtube.com/watch?v=OtebqOG_BYk
public_chinese_only,2021-01-11,3:21,RRgDVvskHIM,State Banquet Master · Overlord lu rou fan,【國宴大師•霸王滷肉飯】幹飯人必學的一道滷肉飯！大口吃肉，無比滿足，就是香！ |老飯骨,zh-Hans,https://www.youtube.com/watch?v=RRgDVvskHIM
public_chinese_only,2021-01-08,2:58,-duq0FIfowk,State Banquet Master · Vinegar-fried cabbage,【國宴大師•醋熘白菜】易學易懂的家常醋熘白菜，酸甜開胃，掌握三大要點，一學就會！ |老飯骨,zh-Hans,https://www.youtube.com/watch?v=-duq0FIfowk
public_chinese_only,2021-01-01,7:13,478_IKg9ISc,State Banquet Master · Sauced beef,【國宴大師•醬牛肉】醬香濃郁、筋軟肉酥!最詳細的醬牛肉大法來了!醬包的做法必須收藏!|老飯骨,zh-Hans,https://www.youtube.com/watch?v=478_IKg9ISc
public_chinese_only,2020-12-28,6:31,p7CExuQQWiA,State Banquet Master · Durian pastry,"【國宴大師•榴蓮酥】層層分明、酥到掉渣!香甜可口榴蓮酥,吃一口就忘不掉的綿密!|老飯骨",zh-Hans,https://www.youtube.com/watch?v=p7CExuQQWiA
public_chinese_only,2020-12-11,9:26,GO-30usPuQU,State Banquet Master · Chess-piece pig trotters,【國宴大師•棋子豬蹄】全網首次還原書上記載的老菜—棋子豬蹄！滿滿肉香，焦香入味！ |老飯骨,zh-Hans,https://www.youtube.com/watch?v=GO-30usPuQU
public_chinese_only,2020-11-25,8:36,4aCrwDtTlfo,State Banquet Master · Hollow steamed buns,【國宴大師•空心饅頭】這饅頭妙極了！暄軟蓬鬆、香甜可口，夾著餡兒吃真過癮！ |老飯骨,zh-Hans,https://www.youtube.com/watch?v=4aCrwDtTlfo
public_chinese_only,2020-11-23,6:57,K5J5zD7rs2g,State Banquet Master · Crisp-fried pork slices in sauce,【國宴大師•焦溜肉片】改良版傳統名菜焦溜肉片！外酥裡嫩，汁明芡亮，生熟糊竟然這麼神奇！ |老飯骨,,https://www.youtube.com/watch?v=K5J5zD7rs2g
public_chinese_only,2020-09-12,3:35,FRMUTwlKTOY,State Banquet Master · Homework critique,【國宴大師•作業點評】快來認領作業啦！大爺二伯在線點評，竟然沒有一位小友翻車？ |老飯骨,,https://www.youtube.com/watch?v=FRMUTwlKTOY
public_chinese_only,2020-01-24,10:24,mw6H9ZHRobw,LaoFanGu family banquet · Prosperity basin feast,【老飯骨家宴•富貴盆菜】年菜之王之盆菜，全家福到，盆滿缽滿，團團圓圓過新年！|老飯骨,,https://www.youtube.com/watch?v=mw6H9ZHRobw
public_chinese_only,2020-01-23,13:55,Wwf2YTksLNk,LaoFanGu family banquet · Hollow glazed meatballs,【老飯骨家宴•空心琉璃丸子】空心丸子怎麼做？大廚教你科學做菜，咬一口脆脆甜甜，團團圓圓過新年！|老飯骨,,https://www.youtube.com/watch?v=Wwf2YTksLNk
public_chinese_only,2020-01-22,10:17,dArKxzPxRog,LaoFanGu family banquet · Fermented-tofu pork,【老飯骨家宴•腐乳肉】絕美紅亮腐乳扣肉，入口即化，肥而不膩，過年硬菜就他了！|老飯骨,,https://www.youtube.com/watch?v=dArKxzPxRog
public_chinese_only,2020-01-21,12:18,UvZvLK7X7jg,LaoFanGu family banquet · Rose pan-fried dumplings,【老飯骨家宴•玫瑰煎餃】油管最美玫瑰煎餃，形美餡兒香，上桌驚艷四座！|老飯骨,,https://www.youtube.com/watch?v=UvZvLK7X7jg
public_chinese_only,2020-01-20,14:34,jIkbeSEs_YA,LaoFanGu family banquet · Smoked pig's head,【老飯骨家宴•熏豬頭】三叔熏醬真揭秘！竟然還有栗子熏？為什麼連大爺落淚了？|老飯骨,,https://www.youtube.com/watch?v=jIkbeSEs_YA
public_chinese_only,2020-01-18,10:03,GazZX8648KA,LaoFanGu family banquet · Fresh-shrimp chicken pot,【老饭骨家宴•鲜虾鸡煲】大吉大利，新年吃鸡！二伯蔬菜汁腌肉法大揭秘，麻辣鲜虾鸡煲等你来吃！|老饭骨,,https://www.youtube.com/watch?v=GazZX8648KA
public_chinese_only,2020-01-17,14:08,be5Ln2tfYMU,LaoFanGu family banquet · Four-joy meatballs,【老饭骨家宴•四喜丸子】创新版四喜丸子，四色焕彩，香味四溢，老饭骨带着福禄寿喜的美好祝愿来喽！|老饭骨,,https://www.youtube.com/watch?v=be5Ln2tfYMU
public_chinese_only,2020-01-16,0:20,H2msGoABsj8,LaoFanGu New Year greetings,【老饭骨祝全球的美食爱好者新年快乐！】,,https://www.youtube.com/watch?v=H2msGoABsj8
public_chinese_only,2020-01-15,7:44,uMpS86rHhFo,State Banquet Master · Jade shrimp balls,【国宴大师•翡翠虾球】不到8美元的顶级餐厅菜品，滑嫩爽脆而不失其味，是唤醒春天的那抹绿|老饭骨,,https://www.youtube.com/watch?v=uMpS86rHhFo
public_chinese_only,2020-01-13,10:36,WE8zeh4ganY,State Banquet Master · Beijing lu zhu huo shao,【国宴大师•卤煮火烧】五花肉肥肠绝佳搭配，媲美30年老店味道的家庭版製作大揭秘！这菜真京味儿!|老饭骨,,https://www.youtube.com/watch?v=WE8zeh4ganY
public_chinese_only,2020-01-10,10:07,Dz1VF664Ogo,State Banquet Master · Hedgehog meatballs,【国宴大师•刺猬丸子】外皮软糯内馅清脆带清香的肉丸子，包你学会好吃好看过年美食|老饭骨,,https://www.youtube.com/watch?v=Dz1VF664Ogo
public_chinese_only,2020-01-08,6:26,108YqrjQ17I,State Banquet Master · Dry-fried beef hor fun,【国宴大师•干炒牛河】拒绝湿炒！没有酒店火候也能做出美味无比的家庭版干炒牛河！|老饭骨,,https://www.youtube.com/watch?v=108YqrjQ17I
public_chinese_only,2020-01-06,4:51,hAeH8SEyIiY,State Banquet Master · Pea-flour cake,【国宴大师•豌豆黄】成本不到1美元的慈禧最爱宫廷点心，香甜爽口，操作简单，想吃再也不求人！|老饭骨,,https://www.youtube.com/watch?v=hAeH8SEyIiY
public_chinese_only,2020-01-03,15:09,R_dkfXobixE,State Banquet Master · Pan-fried then tossed beef tenderloin,【国宴大师•煎烹牛里脊 】汁亮菜香肉质嫩，荤素搭配有营养的国宴老菜，中式牛排真好吃！ |老饭骨,,https://www.youtube.com/watch?v=R_dkfXobixE
public_chinese_only,2020-01-01,7:17,poPq8TUylNc,State Banquet Master · Spicy fish-head over rice,【国宴大师•香辣鱼头泡饭】新年开运大菜，汁亮味鲜食亦佳，红红火火过新年！|老饭骨,,https://www.youtube.com/watch?v=poPq8TUylNc
public_chinese_only,2019-12-30,9:04,TyHP0vlzZUI,State Banquet Master · Dapanji (big-plate chicken),【国宴大师•大盘鸡】北京最热门新疆餐厅厨师教做地道新疆名菜，师承新疆大盘鸡创始人，绝对正宗!|老饭骨,,https://www.youtube.com/watch?v=TyHP0vlzZUI
public_chinese_only,2019-12-27,14:35,pgQFKHj_ZiA,State Banquet Master · Rosemary smoked intestine,【国宴大师•迷迭香熏大肠】大肠去除脏器味秘诀，熏肉第一人倾情传授，这样做大肠最香！|老饭骨,,https://www.youtube.com/watch?v=pgQFKHj_ZiA
public_chinese_only,2019-12-25,10:50,M6y8HFjSIy0,State Banquet Master · Shredded-radish cakes,【国宴大师•萝卜丝饼】面薄如纸，皮酥肉嫩的营养江浙家常风味小吃，看三叔闻香识饼！|老饭骨,,https://www.youtube.com/watch?v=M6y8HFjSIy0
public_chinese_only,2019-12-23,5:53,PotvfmSm4Xc,State Banquet Master · Gold-medal vinegar hock,【国宴大师•金牌醋肘】软烂多汁，回味悠长的二伯独家创新获奖菜，卤味一绝，猜你没吃过！|老饭骨,,https://www.youtube.com/watch?v=PotvfmSm4Xc
public_chinese_only,2019-12-16,5:29,dF95aD8AMPw,State Banquet Master · Wei-cuan noodles,【国宴大师•味汆儿面】学生工作党最佳日常营养餐：味鲜色美又开胃，操作简易仅水煮的三叔独家味汆儿面来喽！|老饭骨,,https://www.youtube.com/watch?v=dF95aD8AMPw
public_chinese_only,2019-12-13,9:38,U1e42yivylo,State Banquet Master · Lamb marrow bones,【国宴大师•羊棒骨】三叔熏制秘诀大公开，熏酱两吃羊棒骨，肉红入味带茶香！美滋滋！|老饭骨,,https://www.youtube.com/watch?v=U1e42yivylo
public_chinese_only,2019-12-11,6:34,OOfb2rQAuEU,State Banquet Master · Crab-roe yellow-croaker soup,【国宴大师•蟹黃黄鱼羹】老人儿童最佳选择！鲜气逼人，口感软滑，营养丰富，大爷创新淮扬菜来喽 |老饭骨,,https://www.youtube.com/watch?v=OOfb2rQAuEU
public_chinese_only,2019-12-09,6:00,QYSplJVuxVo,State Banquet Master · Crisp-fried meatballs in sauce,【国宴大师•焦溜丸子】顶级大厨教你做外焦里嫩，满口顺滑，咸中带甜，甜中带酸的入味丸子 |老饭骨,,https://www.youtube.com/watch?v=QYSplJVuxVo
public_chinese_only,2019-12-07,6:29,H2jN-HhbRTI,State Banquet Master · Hot-pot lamb dipping sauces,【国宴大师•涮羊肉小料】国宴主厨独门麻酱配方大揭秘，涮羊肉绝配，吃的就是一个讲究！|老饭骨,,https://www.youtube.com/watch?v=H2jN-HhbRTI
public_chinese_only,2019-12-04,7:28,UW5ehs5yimA,State Banquet Master · Wine-lees fish slices,【国宴大师•糟溜鱼片】十大经典鲁菜，汁明亮芡，软滑鲜嫩，糟香四溢。鱼片漂亮又好吃的秘诀在此！ |老饭骨,,https://www.youtube.com/watch?v=UW5ehs5yimA
public_chinese_only,2019-11-29,4:19,VlFDKEE1hwc,State Banquet Master · Ants climbing a tree,【国宴大师•蚂蚁上树】5mins做好无敌肉末粉条，香气扑鼻，震撼味蕾，爽滑你心 |老饭骨,,https://www.youtube.com/watch?v=VlFDKEE1hwc
public_chinese_only,2019-11-20,5:18,acyrPKT4f8Y,State Banquet Master · Vinegar-fried shredded pork,【国宴大师•醋溜肉丝】无敌开胃下饭菜，滑嫩入味，极致爽口，10分钟完成精美家常菜 |老饭骨,,https://www.youtube.com/watch?v=acyrPKT4f8Y
public_chinese_only,2019-11-18,10:39,4WUAPRoorcI,State Banquet Master · Red-braised lion's-head meatballs,【国宴大师•红烧狮子头】国宴传奇菜改良版！做过10万+个狮子头的顶级大厨倾囊教授，软糯入味，口有余香！|老饭骨,,https://www.youtube.com/watch?v=4WUAPRoorcI
public_chinese_only,2019-11-13,8:14,HD3s_AyY7Ug,State Banquet Master · Wensi tofu,【国宴大师•文思豆腐】百年淮扬名菜，史上最强刀工，细如蚕丝，入口即化，回味清醇！|老饭骨,,https://www.youtube.com/watch?v=HD3s_AyY7Ug
public_chinese_only,2019-11-11,7:34,vfe0rreAEFw,State Banquet Master · Fermented-rice dry-braised fish,【国宴大师•醪糟干烧鱼】外酥里嫩，咸甜鲜辣香的醪糟干烧海鲈鱼，人间美味不过如此！|老饭骨,,https://www.youtube.com/watch?v=vfe0rreAEFw
public_chinese_only,2019-11-06,5:25,Yq9vduSCgNM,State Banquet Master · Enoki eggplant pot,【国宴大师•金针菇茄子煲】素食主义者的最爱！好吃到灵魂颤抖的茄子煲，全素也能做出肉香味儿？,,https://www.youtube.com/watch?v=Yq9vduSCgNM
public_chinese_only,2019-11-04,4:47,DkC42AlLKn0,State Banquet Master · Dough-drop soup,【国宴大师•疙瘩汤】人人都爱的儿时味道，米饭绝佳替代品，好吃到怀疑人生的疙瘩汤来啦！|老饭骨,,https://www.youtube.com/watch?v=DkC42AlLKn0
public_chinese_only,2019-11-01,6:29,6CHFIu5OBYY,State Banquet Master · Old Beijing stir-fried sauced melon,【国宴大师•老北京炒酱瓜】经典小食，喝粥必备！老北京人最爱的过年小菜，临近失传的宫廷菜！|老饭骨,,https://www.youtube.com/watch?v=6CHFIu5OBYY
public_chinese_only,2019-10-30,5:13,4XPxKa5czg8,State Banquet Master · Chopped-chili fish head,【国宴大师•剁椒鱼头】红红火火超下饭家庭版剁椒鱼头，特级大厨的秘诀，不输正经湖南味！,,https://www.youtube.com/watch?v=4XPxKa5czg8
public_chinese_only,2019-10-28,7:19,3O6cx9IKKzk,State Banquet Master · Steamed pork with rice flour,【国宴大师•粉蒸肉】够麻，够辣，够鲜的川味粉蒸牛肉！四川辣椒酱的魔力？吃了都说安逸！,,https://www.youtube.com/watch?v=3O6cx9IKKzk
public_chinese_only,2019-10-25,5:27,Tr8_fnZgeAU,State Banquet Master · Moo shu pork,【国宴大师•木须肉】绝佳米饭搭配，孩子连吃三碗饭的老北京家常菜，大师教你标准做法！,,https://www.youtube.com/watch?v=Tr8_fnZgeAU
public_chinese_only,2019-10-21,4:43,4_MC2BxaG8E,State Banquet Master · Griddle barbecue,【国宴大师•炙子烤肉】不可错过的京城一绝，烤肉季镇店名菜，国宴大厨教你做最地道的老北京烤肉！,,https://www.youtube.com/watch?v=4_MC2BxaG8E
public_chinese_only,2019-10-18,7:18,fV9QuJOh0gw,State Banquet Master · Scallion-braised sea cucumber,【国宴大师•葱烧海参】国宴厨师连吃10根的秘密在此，史上最独特做法，谁与争锋？,,https://www.youtube.com/watch?v=fV9QuJOh0gw
public_chinese_only,2019-10-16,4:47,nj7EmVFMfKA,State Banquet Master · Fried then sauced diced chicken,【国宴大师•炸溜鸡丁】秘制酱汁，溜金黄鸡丁，这道独门老菜大人小孩都爱吃！,,https://www.youtube.com/watch?v=nj7EmVFMfKA
public_chinese_only,2019-10-14,14:42,gqN5GB4xdqI,State Banquet Master · Red-braised carp,【国宴大师•红烧鲤鱼】名震京城大厨珍贵回顾，史上唯一正版开国第一宴不容错过！,,https://www.youtube.com/watch?v=gqN5GB4xdqI
public_chinese_only,2019-10-09,6:41,tNMOSn2UN54,State Banquet Master · Chicken with button mushrooms,【国宴大师•口蘑鸡块】开国第一宴吃了什么？经典重现第一弹，教你在家做国宴 |老饭骨,,https://www.youtube.com/watch?v=tNMOSn2UN54
public_chinese_only,2019-09-25,0:33,V2cHUUmTot0,State banquet masters cook home food — thanks for subscribing,國宴大師教你做家常菜，歡迎大家訂閱老飯骨！Thank you for subscribing to our channel.,,https://www.youtube.com/watch?v=V2cHUUmTot0
public_chinese_only,2019-09-23,4:43,NgRrORXBSEM,State Banquet Master · Palace hazelnut sauce,【国宴大师•宫廷榛子酱】乾隆皇帝都爱吃的榛子酱，大师教你做宫廷里的美味，今天算有口福了 ！| 老饭骨,,https://www.youtube.com/watch?v=NgRrORXBSEM
public_chinese_only,2019-09-20,5:58,axBbNw8rZr8,State Banquet Master · Typhoon-shelter crab,"【国宴大师•避风塘炒蟹】高级港式餐厅必点的菜！在家也能做出甘口酥香, 香辣浓郁! |老饭骨",,https://www.youtube.com/watch?v=axBbNw8rZr8
public_chinese_only,2019-09-18,8:39,VXSSGA0cqZw,State Banquet Master · Suzhou-style mooncakes,【國宴大師•蘇式月餅】酥到掉渣的鮮肉月餅，入口化渣肉香濃郁！Puff Pastry Mooncakes with Pork Fillings Recipe |老饭骨,,https://www.youtube.com/watch?v=VXSSGA0cqZw
public_chinese_only,2019-09-16,5:34,KM5oWXYR4SY,State Banquet Master · Hunan quick-fried pork,【国宴大师•小炒肉】最下饭的农家小炒肉！连吃三大碗米饭，过瘾！|老饭骨,,https://www.youtube.com/watch?v=KM5oWXYR4SY
public_chinese_only,2019-09-13,4:24,LweLvem0Vkw,State Banquet Master · Sand-pot baked shrimp,【国宴大师•砂锅焗虾】如何保留虾的鲜香原味？用砂锅和蒜蓉完美保留虾的鲜美！|老饭骨,,https://www.youtube.com/watch?v=LweLvem0Vkw
public_chinese_only,2019-09-11,6:07,Z63gTEiCTDQ,State Banquet Master · Pen'er li peng,【国宴大师•盆儿里碰】老北京疙瘩汤，穷人的智慧，玉米面搭配蔬菜美味又营养 |老饭骨,,https://www.youtube.com/watch?v=Z63gTEiCTDQ
public_chinese_only,2019-09-09,5:26,HzqrmwiYsFI,State Banquet Master · Chongqing chili chicken,【国宴大师•辣子鸡】油爆辣子鸡的诀窍在此！国宝级大师为你展示 |老饭骨,,https://www.youtube.com/watch?v=HzqrmwiYsFI
public_chinese_only,2019-09-06,5:47,OCvXHVAzuv4,State Banquet Master · Oil-braised prawns,【国宴大师•油焖大虾】香到邻居捶门的油焖大虾！Fried Shrimps 香味扑鼻口水直流，学会这道菜抓住TA的心！|老饭骨,,https://www.youtube.com/watch?v=OCvXHVAzuv4
public_chinese_only,2019-09-04,4:53,-pceWTyB-wk,State Banquet Master · Greens and tofu balls,【国宴大师•青菜豆腐丸子】比肉丸子（Meatballs）还香！素食者的福利，炸出金黄酥脆，外焦里嫩！|老饭骨,,https://www.youtube.com/watch?v=-pceWTyB-wk
public_chinese_only,2019-09-02,4:00,nOOnTPaPy-I,State Banquet Master · Indonesian fried rice,【国宴大师•印尼炒饭】金灿灿的印尼咖喱炒饭Indonesian Curry Fried Rice，咖喱浓香，东南亚美食好者先收藏了|老饭骨,,https://www.youtube.com/watch?v=nOOnTPaPy-I
public_chinese_only,2019-08-30,4:46,DiX_aFtO67Y,State Banquet Master · Twice-cooked pork,【国宴大师•回锅肉】四川名菜回锅肉（wice-cooked pork slices），先蒸肉后回锅，肉香蒜香浓郁，香酥不柴 |老饭骨,,https://www.youtube.com/watch?v=DiX_aFtO67Y
public_chinese_only,2019-08-28,6:39,yB8Cb1ebs4k,State Banquet Master · Crispy fried yogurt,【国宴大师•脆皮炸酸奶】怎么炸出酥脆爆浆的脆皮炸酸奶?（Fried Yogurt)家庭小点心制作教程分享 |老饭骨,,https://www.youtube.com/watch?v=yB8Cb1ebs4k
public_chinese_only,2019-08-26,5:27,FH1mBTIsTLk,State Banquet Master · Vinegar-pepper pork liver,【国宴大师•醋椒猪肝】猪肝(Pig liver)怎么做嫩滑爽口无腥味？大厨教你这个方法 |老饭骨,,https://www.youtube.com/watch?v=FH1mBTIsTLk
public_chinese_only,2019-08-23,5:37,DmafXVqOTnw,State Banquet Master · Scallion-fried lamb,【国宴大师•葱爆羊肉】老北京教你地道京菜，羊肉（Scallion lamb）鲜嫩爽滑，没有膻味全靠这一招！ |老饭骨,,https://www.youtube.com/watch?v=DmafXVqOTnw
public_chinese_only,2019-08-21,6:03,S5wIDFqSDik,State Banquet Master · Pineapple sweet-and-sour pork,【国宴大师•菠萝咕咾肉】广式秘制调汁，咕咾肉Sweet and Sour Pork外酥里嫩，酸甜可口，夏天冰镇吃更爽！|老饭骨,,https://www.youtube.com/watch?v=S5wIDFqSDik
public_chinese_only,2019-08-19,4:58,g4xlpf8IS2o,State Banquet Master · Zhang Daqian dry-braised fish,【国宴大师•大千干烧鱼】张大千停不下筷子的干烧鱼（Braised fish），史上最经典的做法分享！|老饭骨,,https://www.youtube.com/watch?v=g4xlpf8IS2o
public_chinese_only,2019-08-14,5:18,nVbgE569zVg,State Banquet Master · Scallion-braised wood ear,【国宴大师•葱烧木耳】木耳这样做味道赛海参！葱烧木耳（Agaric），鲜嫩爽脆，下酒必备！|老饭骨,,https://www.youtube.com/watch?v=nVbgE569zVg
public_chinese_only,2019-08-12,5:00,GFKKOHHUjGg,State Banquet Master · Curry shrimp,【国宴大师•咖喱虾】喜欢泰式咖喱虾（Thai-Style Crab Curry）的不要错过！大师教你做正宗的椰岛风味。 |老饭骨,,https://www.youtube.com/watch?v=GFKKOHHUjGg
public_chinese_only,2019-08-09,4:26,8d2F9vBASxo,State Banquet Master · Mapo tofu,【国宴大师•麻婆豆腐】独家美味！四川名菜麻婆豆腐（Mapo Tofu），和金黄酥脆的老油条碰撞出绝妙的美味？|老饭骨,,https://www.youtube.com/watch?v=8d2F9vBASxo
public_chinese_only,2019-08-07,4:48,OdDovH6rFfU,State Banquet Master · Sour-broth wontons,【国宴大师•酸汤馄饨】酸汤（ Sour soup dumplings），怎么调味才能酸爽可口？|老饭骨,,https://www.youtube.com/watch?v=OdDovH6rFfU
public_chinese_only,2019-08-05,4:01,EEGTFEGq5NE,State Banquet Master · Stir-fried shredded potato,【国宴大师•炒土豆丝 】中国烹饪名厨告诉你炒土豆丝potato floss有窍门，多这个步骤，酸脆可口，丝丝爽脆！|老饭骨,,https://www.youtube.com/watch?v=EEGTFEGq5NE
public_chinese_only,2019-08-02,4:45,yYsRjYhl00M,State Banquet Master · Stir-fried shredded beef,【国宴大师•炒牛肉丝】麻辣鲜香牛肉丝（Fried Beef），掌握这个窍门，滑嫩爽口，下酒又下饭。|老饭骨,,https://www.youtube.com/watch?v=yYsRjYhl00M
public_chinese_only,2019-07-31,5:01,aBjVXeOUO4Y,State Banquet Master · Steamed hairtail,【国宴大师•蒸带鱼】带鱼Ribbonfish怎么吃最鲜美？大师教你这道老北京蒸带鱼，鱼肉酥嫩鲜香，入口即化 |老饭骨,,https://www.youtube.com/watch?v=aBjVXeOUO4Y
public_chinese_only,2019-07-29,5:03,2PCOBfZj6Kw,State Banquet Master · Empress Dowager tonic duck,【国宴大师•太后养生鸭】夏天吃什么清热润燥？太后养生鸭，大师教你秘传宫廷料理，营养滋补，生津开胃 |老饭骨,,https://www.youtube.com/watch?v=2PCOBfZj6Kw
public_chinese_only,2019-07-26,5:05,n4gBdGRfBGY,State Banquet Master · Sweet-and-sour tenderloin,【国宴大师•糖醋里脊】大师教你糖醋里脊这样做！Sweet and Sour Pork外酥里嫩，色泽金黄，酸甜开胃，全家都爱吃！|老饭骨,,https://www.youtube.com/watch?v=n4gBdGRfBGY
public_chinese_only,2019-07-25,4:18,jdEkQ9w7iZU,State Banquet Master · Oil-splashed pig trotters,【国宴大师•油泼猪手】独家秘制下酒菜！油泼猪手cold of pig feet，麻辣鲜香，软糯弹牙，二两小酒还不够 |老饭骨,,https://www.youtube.com/watch?v=jdEkQ9w7iZU
public_chinese_only,2019-07-24,4:24,Nu4bz77rI4E,State Banquet Master · Sauced beef,【国宴大师•酱牛肉】酱牛肉Sauce beef有秘方！中国烹饪大师教你做酱香浓郁，劲道弹牙的酱牛肉！|老饭骨,,https://www.youtube.com/watch?v=Nu4bz77rI4E
public_chinese_only,2019-07-23,4:49,M6o5GfjK9CE,State Banquet Master · Sweat-steamed fish,【国宴大师•汗蒸鱼】大师教你做40年前的传统名菜汗蒸鱼Steamed fish，鲜嫩多汁，爽滑爽口，媲美饭店招牌菜！|老饭骨,,https://www.youtube.com/watch?v=M6o5GfjK9CE
public_chinese_only,2019-07-22,4:38,vs98GFHlXVg,State Banquet Master · Red-braised pork,【国宴大师•红烧肉】最正宗的红烧肉Chinese Braised pork，酱香软糯，香而不腻，这样做简单又好吃 |老饭骨,,https://www.youtube.com/watch?v=vs98GFHlXVg
public_english,2021-08-18,0:34,xk559qZSKB4,LaoFanGu Classroom · Preview,【老飯骨學堂•預告】用刀技巧！怎麼切菜才能像頭髮絲一樣細？小友們週五見！#shorts,"en,zh-Hant",https://www.youtube.com/watch?v=xk559qZSKB4
public_english,2021-01-06,9:45,7KL0DRKuKm8,State Banquet Master · Luohan prawns,"【國宴大師•羅漢大蝦】傳承真正的美食魂！經典名菜羅漢大蝦,一菜兩吃,學會讓年夜飯驚艷四座！ |老飯骨","en,zh-Hans",https://www.youtube.com/watch?v=7KL0DRKuKm8
public_english,2021-01-04,5:14,7H47C-mAIdA,State Banquet Master · Dream-fulfilling shaobing,"【國宴大師•圓夢燒餅】這燒餅圓了慈禧太后的一個夢!香酥餡滿,大有來頭的燒餅原來這麼簡單!|老飯骨","en,zh-Hans",https://www.youtube.com/watch?v=7H47C-mAIdA
public_english,2020-12-30,4:10,G4CBtbGBy8Q,State Banquet Master · Tomato beef,【國宴大師•番茄牛肉】鮮美濃郁!搭配牛油果的番茄牛肉你一定沒吃過!|老飯骨,"en,zh-Hans",https://www.youtube.com/watch?v=G4CBtbGBy8Q
public_english,2020-12-26,14:48,hgN4RnKhH1E,State Banquet Master · Jewel shrimp balls & douban fish,"【國宴大師•寶石蝦球&豆瓣魚】珍藏40年的老菜譜,老飯骨首次分享!老飯骨團建日,堅守傳承老味道!|老飯骨","en,zh-Hans",https://www.youtube.com/watch?v=hgN4RnKhH1E
public_english,2020-12-25,5:25,N4aolRJ-LxA,State Banquet Master · Slapped-radish lamb chop stew,【國宴大師•摔蘿蔔燉羊排】湯清肉鮮!簡單必學的一道摔蘿蔔燉羊排，20分鐘出鍋!|老飯骨,"en,zh-Hans",https://www.youtube.com/watch?v=N4aolRJ-LxA
public_english,2020-12-23,4:59,Mx7rSbsE3-s,State Banquet Master · Abalone eggplant sandwiches,【國宴大師•鮑魚茄盒】是鮑魚還是茄盒？酥脆咸鮮，如何把家常菜做成吃不起的樣子！ |老飯骨,"en,zh-Hans",https://www.youtube.com/watch?v=Mx7rSbsE3-s
public_english,2020-12-21,4:46,ckJ6u-mFW8Q,State Banquet Master · Yellow-braised lamb,【國宴大師•黃燜羊肉】冬至必吃黃燜羊肉，筋道鹹香，河南特色八大碗，忒棒了！ |老飯骨,"en,zh-Hans",https://www.youtube.com/watch?v=ckJ6u-mFW8Q
public_english,2020-12-18,8:03,GJH4nGlZcnI,State Banquet Master · Walnut crispy duck squares,【國宴大師•桃仁酥鴨方】香酥入味、滿滿鴨肉香！國宴大師的絕招—桃仁酥鴨方!|老飯骨,"en,zh-Hans",https://www.youtube.com/watch?v=GJH4nGlZcnI
public_english,2020-12-16,5:40,ebXF6c9Z_tg,State Banquet Master · Pan-fried beef with glass noodles,【國宴大師•牛肉煎粉條】河南特色菜牛肉煎粉條，焦香酥脆、香氣四溢，中式披薩學起來！ |老飯骨,"en,zh-Hans",https://www.youtube.com/watch?v=ebXF6c9Z_tg
public_english,2020-12-14,6:00,Om5AcAGbYJM,State Banquet Master · Gathering of heroes (radish trio),【國宴大師•群英薈萃】鮮香滋補，三種蘿蔔用最樸素的烹飪手法做出無比鮮美的味道！ |老飯骨,"en,zh-Hans",https://www.youtube.com/watch?v=Om5AcAGbYJM
public_english,2020-12-09,6:10,DIG4fs7J818,State Banquet Master · Dry-braised winter bamboo,【國宴大師•乾燒冬筍】爽脆鹹香，冬季必吃的應季菜！傳統手法細節滿滿！ |老飯骨,"en,zh-Hans",https://www.youtube.com/watch?v=DIG4fs7J818
public_english,2020-12-07,7:20,q2SHY1RBcl4,State Banquet Master · Lian-guo soup,【國宴大師•連鍋湯】冬季養生就得喝這鍋湯！湯鮮澄澈、葷素搭配，國宴大師還原50年前的手藝！ |老飯骨,"en,zh-Hans",https://www.youtube.com/watch?v=q2SHY1RBcl4
public_english,2020-12-04,7:23,xXVPqDovdcc,State Banquet Master · Vegetable buns,【國宴大師•菜團子】家常菜團子做法，薄皮大餡軟糯鹹香，個個都圓潤潤！ |老飯骨,"en,zh-Hans",https://www.youtube.com/watch?v=xXVPqDovdcc
public_english,2020-11-30,4:36,EPgZcyqO_mI,State Banquet Master · Candied hawthorn (tanghulu),【國宴大師•冰糖葫蘆】酸酸甜甜特開胃，童年回憶冰糖葫蘆，三個步驟薄脆不粘牙！ |老飯骨,"en,zh-Hans",https://www.youtube.com/watch?v=EPgZcyqO_mI
public_english,2020-11-27,7:12,qkNhxqsPWZ4,State Banquet Master · Pingqiao tofu,【國宴大師•平橋豆腐】令乾隆都拍手叫絕的菜—平橋豆腐！咸鮮味美、清淡順滑，比文思豆腐更好切！ |老飯骨,"en,zh-Hans",https://www.youtube.com/watch?v=qkNhxqsPWZ4
public_english,2020-11-20,11:11,IKCLukES7-s,State Banquet Master · Chicken tofu pudding,【國宴大師•雞豆花】頂級國宴菜品雞豆花，細膩順滑、清淡醇厚，在家也能做出川菜一絕！ |老飯骨,"en,zh-Hans",https://www.youtube.com/watch?v=IKCLukES7-s
public_english,2020-11-18,6:42,G_xJARjG3lI,State Banquet Master · Hutazi (griddled mung-bean cakes),【國宴大師•糊塌子】地道老北京小吃糊塌子，軟和香嫩、味道醇厚，蘸上蒜醋汁儿，太美了！ |老飯骨,"en,zh-Hans",https://www.youtube.com/watch?v=G_xJARjG3lI
public_english,2020-11-16,7:47,dugcZPi6VGE,State Banquet Master · Lamb dumplings,【國宴大師•羊肉餃子】鮮嫩多汁的羊肉餃子！國宴大師的調餡兒手法，一點沒羶味！ |老飯骨,"en,zh-Hans",https://www.youtube.com/watch?v=dugcZPi6VGE
public_english,2020-11-13,7:08,38YCGhR42BU,State Banquet Master · Jade-hairpin chicken-wing balls,【國宴大師•玉簪雞翼球】香、辣、嫩、酥，糊辣味十足！國宴大師教你改良粵菜，解鎖雞翼新吃法！ |老飯骨,"en,zh-Hans",https://www.youtube.com/watch?v=38YCGhR42BU
public_english,2020-11-11,4:34,gX5KsCIcloc,State Banquet Master · Peanut cheese,【國宴大師•花生奶酪】香甜細膩、綿密醇厚，冬季暖胃熱飲花生奶酪，做法也太簡單了！ |老飯骨,"en,zh-Hans",https://www.youtube.com/watch?v=gX5KsCIcloc
public_english,2020-11-09,10:03,Tgf3OzLID2o,State Banquet Master · Dongpo pork,【國宴大師•東坡肉】酒香東坡肉，味醇汁濃、入口即化，國宴大師教你精確調味法！ |老飯骨,"en,zh-Hans",https://www.youtube.com/watch?v=Tgf3OzLID2o
public_english,2020-11-06,8:32,oIMCCi78aa4,State Banquet Master · Poria cake,【國宴大師•茯苓糕】軟糯香甜滿口桂花香！傳承百年的傳統糕點茯苓糕，好吃又養顏！大爺二伯大問答|老飯骨,"en,zh-Hans",https://www.youtube.com/watch?v=oIMCCi78aa4
public_english,2020-11-04,10:15,P-N0x8sJ9Ig,State Banquet Master · Garlic-smothered lamb,【國宴大師•蒜燜羊肉】不加香料做出最原汁原味的蒜燜羊肉！鮮香味美，沒羶味全靠這個小竅門！ |老飯骨,"en,zh-Hans",https://www.youtube.com/watch?v=P-N0x8sJ9Ig
public_english,2020-11-02,5:26,RT9tmSnpziI,State Banquet Master · Golden fried rice,【國宴大師•黃金炒飯】鬆軟彈香又油潤，粒粒分明不粘鍋！這樣的黃金炒飯不來一碗嗎？ |老飯骨,"en,zh-Hans",https://www.youtube.com/watch?v=RT9tmSnpziI
public_english,2020-10-30,8:04,uFizmfmLkaw,State Banquet Master · Jingang ham,【國宴大師•金剛火方】汁明芡亮！你以為這是一塊東坡肉嗎？國宴大師帶大家解鎖吃不胖的“肉”！吊湯和煲湯的區別|老飯骨,"en,zh-Hans",https://www.youtube.com/watch?v=uFizmfmLkaw
public_english,2020-10-28,8:11,1ZQaWTyra2E,State Banquet Master · Fried small yellow croaker,【國宴大師•炸小黃魚】家常炸小黃魚，香酥脆嫩，掛糊有妙招！吃十條都不過癮！ |老飯骨,"en,zh-Hans",https://www.youtube.com/watch?v=1ZQaWTyra2E
public_english,2020-10-26,8:41,j3djtbkLcHA,State Banquet Master · Dongpo tofu pudding,【國宴大師•東坡豆花】肉末酥香、豆腐嫩滑、汁濃味美！四川民間的美食真的太巴适了！ |老飯骨,"en,zh-Hans",https://www.youtube.com/watch?v=j3djtbkLcHA
public_english,2020-10-23,8:05,u0Jjk9RAdgQ,State Banquet Master · Old Buddha pig trotters,【國宴大師•老佛爺豬手】超養生的豬蹄做法，軟糯Q彈、入口即化，滿滿膠原蛋白！ |老飯骨,"en,zh-Hans",https://www.youtube.com/watch?v=u0Jjk9RAdgQ
public_english,2020-10-21,4:26,oKqSZtRm0NM,State Banquet Master · Crispy fried oysters,【國宴大師•脆皮炸生蠔】脆皮糊黃金量化比例，酥脆可口，傳承十幾年的老手藝，絕對錯不了！ |老飯骨,"en,zh-Hans",https://www.youtube.com/watch?v=oKqSZtRm0NM
public_english,2020-10-19,8:05,ngBCZxri3-s,State Banquet Master · Three-delicacy dumplings,【國宴大師•三鮮餃子】皮薄餡多家常三鮮餃子！從和麵開始手把手教您包餃子，一盤吃出三種味道！ |老飯骨,"en,zh-Hans",https://www.youtube.com/watch?v=ngBCZxri3-s
public_english,2020-10-16,4:42,dAtfRRDv5K0,State Banquet Master · Burnt-chili century egg,【國宴大師•燒椒皮蛋】四川經典涼菜燒椒皮蛋，吃一次就上癮！調汁儿是關鍵！ |老飯骨,"en,zh-Hans",https://www.youtube.com/watch?v=dAtfRRDv5K0
public_english,2020-10-14,10:03,Mlcc3edREa0,State Banquet Master · Red-braised beef noodles,【國宴大師•紅燒牛肉麵】家常版紅燒牛肉麵，湯鮮肉爛、勁道爽滑，還是大塊的牛肉吃著過癮！ |老飯骨,"en,zh-Hans",https://www.youtube.com/watch?v=Mlcc3edREa0
public_english,2020-10-12,4:39,Tt959-hPKh0,State Banquet Master · Olive-vegetable diced pork with peanuts,【國宴大師•欖菜肉丁長壽果】二伯首創下酒菜，酥脆無比、回味無窮，再來點小酒，絕了！ |老飯骨,"en,zh-Hans",https://www.youtube.com/watch?v=Tt959-hPKh0
public_english,2020-10-09,4:51,qDKmbwiCmNE,State Banquet Master · Big mixed stew,【國宴大師•大烩菜】简单粗暴家常大烩菜，冬天来一锅，暖暖的很幸福！|老飯骨,"en,zh-Hans",https://www.youtube.com/watch?v=qDKmbwiCmNE
public_english,2020-10-07,4:19,K95brJD1fns,State Banquet Master · Pan-fried then tossed chicken skewers,【國宴大師•煎烹雞肉串】家常版雞肉串，外焦里嫩、簡單健康，有平底鍋就能做！ |老飯骨,"en,zh-Hant",https://www.youtube.com/watch?v=K95brJD1fns
public_english,2020-10-05,8:22,MILPPXQ_JCk,State Banquet Master · Minced-pork noodles,【國宴大師•爛肉麵】家常麵條豪橫吃法爛肉麵，一碗管飽，還原老舍《茶館》中的經典美味！ |老飯骨,en,https://www.youtube.com/watch?v=MILPPXQ_JCk
public_english,2020-10-02,8:42,kvLep5XDwcE,State Banquet Master · Twice-cooked pork,【國宴大師•回鍋肉】一招教你炒出有“燈盞窩”的家常回鍋肉！這個味道才最巴适！傳統菜品是什麼？ |老飯骨,"en,zh-Hans",https://www.youtube.com/watch?v=kvLep5XDwcE
public_english,2020-09-30,4:37,aXYJgE0dtNA,State Banquet Master · Chestnut cake,【國宴大師•栗子糕】老飯骨史上最簡單的一道菜，栗子糕香、糯、幹、甜，新手零失敗！醬的知識|老飯骨,en,https://www.youtube.com/watch?v=aXYJgE0dtNA
public_english,2020-09-28,8:46,nqHMWAbLldU,State Banquet Master · Numbing-pepper chicken,【國宴大師•椒麻雞】地道樂山椒麻雞，麻辣爽口、肉嫩多汁！煮雞調味有訣竅！泡菜的吃法|老飯骨,"en,zh-Hans",https://www.youtube.com/watch?v=nqHMWAbLldU
public_english,2020-09-25,8:40,kTrz1ByMTeU,State Banquet Master · Potato balls,【國宴大師•土豆球】黃金鹹蛋黃土豆球，鹹香綿軟做法超簡單！泡菜的做法|老飯骨,"en,zh-Hans",https://www.youtube.com/watch?v=kTrz1ByMTeU
public_english,2020-09-23,8:18,jF3bthfjbRQ,State Banquet Master · Black-pepper chicken drums,【國宴大師•黑椒雞錘】雞腿的國宴做法，椒香肉嫩多汁，頭頂戴花站得筆直！牛肉怎麼燉才香|老飯骨,"en,zh-Hans",https://www.youtube.com/watch?v=jF3bthfjbRQ
public_english,2020-09-21,8:26,ri1ovCTCkVI,State Banquet Master · Tiger-skin chicken feet,【國宴大師•虎皮鳳爪】虎皮鳳爪一招教您起“虎皮”，軟嫩脫骨、汁厚入味！怎麼辨別鹹淡|老飯骨,"en,zh-Hans",https://www.youtube.com/watch?v=ri1ovCTCkVI
public_english,2020-09-18,8:05,oWu0k8YrHDY,State Banquet Master · Tofu pudding (doufunao),【國宴大師•豆腐腦】老北京家常豆腐腦，滑嫩醇香、入口即化！早餐來一碗太棒了！鹽的分類與用途|老飯骨,"en,zh-Hans",https://www.youtube.com/watch?v=oWu0k8YrHDY
public_english,2020-09-16,8:40,XIFhuncNUQk,State Banquet Master · Big square of braised pork,【國宴大師•大肉方】大口吃肉！大肉方軟爛多汁、味濃肥不膩，不加一滴水水燒出來太特別了！醃菜的做法|老飯骨,"en,zh-Hans",https://www.youtube.com/watch?v=XIFhuncNUQk
public_english,2020-09-14,8:31,-gBr0T4HXzk,State Banquet Master · Elephant-eye pigeon eggs,【國宴大師•象眼鴿蛋】快失傳的精緻宮廷老菜:象眼鴿蛋！蝦仁Q彈、麵包酥脆、桃仁香甜，做宴席太讚了！牛肉丸怎麼打出來才彈|老飯骨,"en,zh-Hans",https://www.youtube.com/watch?v=-gBr0T4HXzk
public_english,2020-09-11,8:06,QoluxOcb2lA,State Banquet Master · Pan-fried buns (shui jian bao),【國宴大師•水煎包】河南特色水煎包，鍋巴酥脆、面皮綿軟、湯汁濃厚，學會一招比路邊攤還香！ |老飯骨,en,https://www.youtube.com/watch?v=QoluxOcb2lA
public_english,2020-09-09,10:03,tev7R7qtpEk,State Banquet Master · Sauced chicken,【國宴大師•醬雞】一撕就流油！油潤醬香、細嫩不柴，醬雞太入味了！養一鍋老湯醬一切！ |老飯骨,en,https://www.youtube.com/watch?v=tev7R7qtpEk
public_english,2020-09-07,8:08,04C3ll-BaEw,State Banquet Master · Five-nut mooncakes,【國宴大師•五仁月餅】為五仁月餅正名！傳承正宗老味道，皮酥香甜、餡料滿滿的老式五仁月餅！ |老飯骨,en,https://www.youtube.com/watch?v=04C3ll-BaEw
public_english,2020-09-04,11:48,ThRKmNs8UK4,State Banquet Master · Wuxi ribs & dried fruit,【國宴大師•無錫排骨&果子乾】建國飯店第一任大廚秘方菜！港式無錫排骨汁儿香味厚、完美還原！酸甜開胃小甜品果子乾！ |老飯骨,en,https://www.youtube.com/watch?v=ThRKmNs8UK4
public_english,2020-09-02,10:18,DcpbK5BffQc,State Banquet Master · Fried triangles,【國宴大師•炸三角】老北京胡同里的味道——金黃酥脆炸三角，一口下去滿屋飄香！入行廚師前的準備|老飯骨,en,https://www.youtube.com/watch?v=DcpbK5BffQc
public_english,2020-08-31,8:16,bqKiCta9Yr0,State Banquet Master · Sauce-fragrant flash-fried chicken,【國宴大師•醬香爆炒雞】家常下飯好菜:醬香爆炒雞！軟嫩入味吃到爽！滷汁怎麼做？ |老飯骨,en,https://www.youtube.com/watch?v=bqKiCta9Yr0
public_english,2020-08-28,10:09,SyJ9J4WKFkI,State Banquet Master · Hulatang,【國宴大師•胡辣湯】河南大廚教你做正宗胡辣湯，湯汁濃郁滑嫩，咸、鮮、香！你看中不中！ |老飯骨,en,https://www.youtube.com/watch?v=SyJ9J4WKFkI
public_english,2020-08-26,10:01,7ScEUrKunjY,State Banquet Master · Sachima,【國宴大師•沙琪瑪】沙琪瑪在家就能輕鬆做！鬆軟香甜，國寶級麵點大師獨家秘方！ |老飯骨,en,https://www.youtube.com/watch?v=7ScEUrKunjY
public_english,2020-08-24,8:11,5AvjaNFSvP0,State Banquet Master · Mock chicken-fir mushrooms,【國宴大師•賽雞樅菌】平菇這樣做，酥脆香辣，配上脆爽金黃不吸油的炸饅頭，賽過雞樅菌！附素菜怎麼炒保持顏色翠綠|老飯骨,en,https://www.youtube.com/watch?v=5AvjaNFSvP0
public_english,2020-08-21,10:46,8cVmzTx_jeI,State Banquet Master · Shiitake stuffed greens,【國宴大師•香菇瓤菜心】50元做出國宴大菜:香菇百花瓤菜心！蝦肉Q彈鮮香、油菜清鮮爽口，便宜的食材也能做出高端國宴！|老飯骨,en,https://www.youtube.com/watch?v=8cVmzTx_jeI
public_english,2020-08-19,10:10,aqsjcXLtvIE,State Banquet Master · Hand-rubbed ice jelly,【國宴大師•手搓冰粉】來一碗正宗四川手搓冰粉！氣泡綿密、Q彈冰爽，冰粉還是手搓的好！ |老飯骨,en,https://www.youtube.com/watch?v=aqsjcXLtvIE
public_english,2020-08-17,10:21,whZFfKtkrzM,State Banquet Master · Pickled-cabbage fish,【國宴大師•酸菜魚】滑嫩酸爽、鮮香味濃的家常酸菜魚！無腥味的秘訣原來是這些！|老飯骨,en,https://www.youtube.com/watch?v=whZFfKtkrzM
public_english,2020-08-14,10:14,e5RWjsJP3Ng,State Banquet Master · Peach-gum taro,【國宴大師•桃膠煮艿芋】美容養顏小甜品：杏汁桃膠煮艿芋！軟糯香甜不發胖，口感滑嫩超養生！ |老飯骨,en,https://www.youtube.com/watch?v=e5RWjsJP3Ng
public_english,2020-08-12,10:22,0RY7dX4iXKA,State Banquet Master · Spinach-dumpling beer duck,【國宴大師•菠餃啤酒鴨】清香滋補，淮揚宴會名菜——菠餃啤酒清燉鴨！秋季進補去燥佳品！ |老飯骨,en,https://www.youtube.com/watch?v=0RY7dX4iXKA
public_english,2020-08-10,5:25,N4DVp7bN7FI,State Banquet Master · Preserved-plum cherry tomatoes,【國宴大師•話梅小番茄】話梅與雪碧的神奇組合你試過嗎？夏日降溫神器——話梅小番茄！蒸包子秘訣|老飯骨,en,https://www.youtube.com/watch?v=N4DVp7bN7FI
public_english,2020-08-07,10:17,-q4dKbHWbfw,State Banquet Master · Door-nail meat pies,【國宴大師•門釘肉餅】一口爆汁儿的門釘肉餅，皮酥餡香、多汁肉嫩，掌櫃的看家本領全在這兒了！ |老飯骨,en,https://www.youtube.com/watch?v=-q4dKbHWbfw
public_english,2020-08-05,5:36,YFE6_MR5VP4,State Banquet Master · Spicy shredded potato,【國宴大師•香辣土豆絲】鹹香酥脆，香辣土豆絲也能做出國宴的味道！家常易學，用料超簡單！炒糖色|老飯骨,en,https://www.youtube.com/watch?v=YFE6_MR5VP4
public_english,2020-08-03,4:46,UE7p_n7kYHc,State Banquet Master · Fetal-chrysanthemum mung-bean cooler,【國宴大師•胎菊綠豆爽】敗火解暑小甜飲——胎菊綠豆爽！細膩絲滑、香甜柔和，夏季養生就靠它！拔絲的製作方法|老飯骨,en,https://www.youtube.com/watch?v=UE7p_n7kYHc
public_english,2020-07-31,6:33,IljXmwSD2TQ,State Banquet Master,【國宴大師•】夏季開胃小涼菜：酸辣瓜條，爽口開胃、脆嫩多汁，調出萬能涼拌汁！大爺二伯的日常|老飯骨,en,https://www.youtube.com/watch?v=IljXmwSD2TQ
public_english,2020-07-29,8:14,kpA7rFpNE7Q,State Banquet Master · Mapo tofu,【國宴大師•麻婆豆腐】正宗麻婆豆腐家常做法！集合麻、辣、嫩、鮮、香、燙、酥七味兒的訣竅在這兒！附各種醋的區別（下）|老飯骨,en,https://www.youtube.com/watch?v=kpA7rFpNE7Q
public_english,2020-07-27,7:08,8bXzEg8RZ8I,State Banquet Master · Beef sauce,【國宴大師•牛肉醬】老飯骨獨家香菇牛肉醬，吃出滿滿牛肉粒、菇香味濃，這味兒絕了！附各種醋的區別（上）|老飯骨,en,https://www.youtube.com/watch?v=8bXzEg8RZ8I
public_english,2020-07-24,5:11,J3Hfyjeaxpk,State Banquet Master · Garlic mashed egg salad,【國宴大師•蒜泥拌雞蛋】一學就會的山東家常早點，濃濃蒜香，雞蛋原來還能這樣吃！附各種澱粉的用途（下）|老飯骨,en,https://www.youtube.com/watch?v=J3Hfyjeaxpk
public_english,2020-07-22,8:50,Ope_ow82QKU,State Banquet Master · Scallion-braised sea cucumber,【國宴大師•蔥燒海參】家庭版做法媲美大飯店品質，軟糯香滑，頂級大廚教你做不吊湯也夠味兒的蔥燒海參！| 料酒、花雕、黃酒的區別|老飯骨,en,https://www.youtube.com/watch?v=Ope_ow82QKU
public_english,2020-07-20,10:40,lBbFpfyAV7M,State Banquet Master · Har gow,【國宴大師•蝦餃】最強蝦餃做法！晶瑩透亮、味準彈牙，超經典的粵式小點心！附各種澱粉的用途|老飯骨,en,https://www.youtube.com/watch?v=lBbFpfyAV7M
public_english,2020-07-17,4:44,CVrXrkwYXN8,State Banquet Master · Chive dried-shrimp jianbing,【國宴大師•韭菜蝦皮卷煎餅】讓韭菜蝦皮非同尋常的關鍵！酥脆鮮香，簡單易學，趕緊來一手！ |老飯骨,en,https://www.youtube.com/watch?v=CVrXrkwYXN8
public_english,2020-07-15,6:41,_ybXYdvgTME,State Banquet Master · Imperial concubine chicken,【國宴大師•貴妃雞】皮脆肉嫩又多汁，傳統老菜貴妃雞的改良版！浸雞的訣竅在這裡！ |老飯骨,en,https://www.youtube.com/watch?v=_ybXYdvgTME
public_english,2020-07-13,10:19,VqpRL_s-HEU,State Banquet Master · Nine-turn large intestine,【國宴大師•九轉大腸】甜酸苦辣咸，人生五味，焦香軟嫩，鼎鼎大名的經典魯菜在家就能做 |老飯骨,en,https://www.youtube.com/watch?v=VqpRL_s-HEU
public_english,2020-07-10,7:13,gWEh87L7T5M,State Banquet Master · Glutinous-rice cold sweets,【國宴大師•江米涼果】軟糯清爽、酸甜可口，外賓都愛吃的北京老式甜品江米涼果！|老飯骨,en,https://www.youtube.com/watch?v=gWEh87L7T5M
public_english,2020-07-08,5:18,v3nZmhE-zbQ,State Banquet Master · Three-melon pork rib stew,【國宴大師•三瓜燉排骨】究竟哪三瓜？湯鮮味清、肉香骨爛，一招教你變廢為寶，這三瓜絕了！|老飯骨,en,https://www.youtube.com/watch?v=v3nZmhE-zbQ
public_english,2020-07-06,5:28,XN1DGUjeRVc,State Banquet Master · Rice-water blanched greens,【國宴大師•米湯浸時蔬】不加一滴油的蔬菜新吃法！清爽細膩、健康低脂，家家都能做！ |老飯骨,en,https://www.youtube.com/watch?v=XN1DGUjeRVc
public_english,2020-07-03,6:13,d_FmTf3cv-k,State Banquet Master · Aged-vinegar peanuts,【國宴大師•老醋花生】喝酒聊天必備涼菜，香脆又開胃，秘制老醋汁配方公開，別小看小菜兒！|老飯骨,en,https://www.youtube.com/watch?v=d_FmTf3cv-k
public_english,2020-07-01,10:37,0d8LFALXv_U,State Banquet Master · Peach-blossom rice,【國宴大師•桃花泛】快失傳的宮廷菜名菜——桃花泛！酸甜可口，附上快速上漿方法和最強鍋巴的做法！大爺大媽的愛情故事(6) |老飯骨,en,https://www.youtube.com/watch?v=0d8LFALXv_U
public_english,2020-06-29,11:14,TemdMRwAEZQ,State Banquet Master · Scallion-oil noodles,【國宴大師•蔥油拌面】精確配比，五種香味！拌麵筋道不坨的訣竅，這樣做一碗真不夠！大爺大媽的愛情故事(5) |老飯骨,en,https://www.youtube.com/watch?v=TemdMRwAEZQ
public_english,2020-06-26,12:26,GNM98pBx_m0,State Banquet Master · Layered flaky shaobing,【國宴大師•層酥燒餅】國寶級麵點大師親授層酥燒餅酥脆綿軟的訣竅！這些規矩一定不能少！大爺大媽的愛情故事(4) |老飯骨,en,https://www.youtube.com/watch?v=GNM98pBx_m0
public_english,2020-06-24,7:49,F9QyaaA6QQ0,State Banquet Master · Pea cake,【國宴大師•豌豆糕】夏日必備！老式甜品開啟一整個夏天的清涼，是你記憶中的味道嗎？大爺大媽的愛情故事(3) |老飯骨,en,https://www.youtube.com/watch?v=F9QyaaA6QQ0
public_english,2020-06-22,8:35,tce5vWlXGa8,State Banquet Master · Black-pepper fried noodles,【國宴大師•黑椒炒麵】一招做出椒香乾爽的海鮮黑椒炒麵，讓人胃口大開的美食！大爺大媽的愛情故事 (2)|老飯骨,en,https://www.youtube.com/watch?v=tce5vWlXGa8
public_english,2020-06-19,11:07,zAUAGep3PcQ,State Banquet Master · Chongqing small noodles,【國宴大師•重慶小面】辣椒和麻椒的巔峰組合，別小看每一碗重慶小面| 大爺大媽的愛情故事 (1) | 老飯骨,en,https://www.youtube.com/watch?v=zAUAGep3PcQ
public_english,2020-06-17,10:07,wfnlqd1neAI,State Banquet Master · Dropped-eggplant noodles & watermelon dew,【國宴大師•茄子汆兒麵&西瓜露】大爺的絕招！老北京地道茄子汆兒麵搭配火爆全網的老式甜飲西瓜露，一口透心兒涼！|老飯骨,en,https://www.youtube.com/watch?v=wfnlqd1neAI
public_english,2020-06-15,5:46,p14_3HovbyI,State Banquet Master · Dan dan noodles,【國宴大師•擔擔麵】四川名小吃擔擔麵老配方，二伯再現近乎失傳技藝，做法簡單，味道巴適得板！| 在家炒菜如何控制火候 |老飯骨,en,https://www.youtube.com/watch?v=p14_3HovbyI
public_english,2020-06-12,6:18,p9rEI5ezxQQ,State Banquet Master · Griddle-fried noodles,【國宴大師•炙子炒麵】好吃到可以擺地攤兒的炙子炒麵！醬香濃鬱、用料超足，撒上孜然，吃麵比吃肉還香！|老飯骨,en,https://www.youtube.com/watch?v=p9rEI5ezxQQ
public_english,2020-06-10,7:35,32Gf4DAnpJg,State Banquet Master · Sauce-fragrant pickled shreds,【國宴大師•醬香鹹菜絲】比肉還香，在家就能做的小菜，夾火燒、夾饅頭，喝粥、拌麵條，都是絕配！|老飯骨,en,https://www.youtube.com/watch?v=32Gf4DAnpJg
public_english,2020-06-08,9:12,YrK7oHWjHD4,State Banquet Master · Hand-grabbed pancake,【國宴大師•手抓餅】家庭版手抓餅！酥脆綿軟、蔥香四溢，手抓餅起酥的秘訣原來在這裡！|老飯骨,en,https://www.youtube.com/watch?v=YrK7oHWjHD4
public_english,2020-06-05,5:56,VgXbZspMnd8,State Banquet Master · Grandpa's zhajiangmian,【國宴大師•大爺炸醬麵】大媽專屬炸醬麵，大爺料理四十年，關鍵在麵碼，老北京炸醬麵究竟有幾種麵碼？|老飯骨,en,https://www.youtube.com/watch?v=VgXbZspMnd8
public_english,2020-06-03,6:31,NF30CVGHYAQ,State Banquet Master · Fried ice cream,【國宴大師•炸雪糕】夏日清涼小甜品：炸雪糕外皮酥脆，冰淇淋不化的秘訣！火候是關鍵！ Fried Ice Cream|老飯骨,en,https://www.youtube.com/watch?v=NF30CVGHYAQ
public_english,2020-06-01,8:32,BdAlZDLRk5o,State Banquet Master · Cumin lamb,【國宴大師•孜然羊肉】成功率超高！掌握這幾個步驟，在家也能做出色香味俱全的孜然羊肉，大口吃肉真爽 |老飯骨,en,https://www.youtube.com/watch?v=BdAlZDLRk5o
public_english,2020-05-29,5:27,oDoQrjTkD9M,State Banquet Master · Soy dropped noodles,【國宴大師•醬油汆面】老北京夏天的味道：醬香爽口、簡單易學的花椒油醬油汆面，夏天來一碗，就是這個味兒，痛快！|老飯骨,en,https://www.youtube.com/watch?v=oDoQrjTkD9M
public_english,2020-05-27,10:37,jRSjhCewH3Y,State Banquet Master · Douban fish,【國宴大師•豆瓣魚】頂級廚師教你做經典川菜豆瓣魚，汁兒濃肉嫩，連吃三碗米飯才过瘾！後附炒雞蛋秘訣 |老飯骨,en,https://www.youtube.com/watch?v=jRSjhCewH3Y
public_english,2020-05-25,5:37,1K495_8FTy8,State Banquet Master · General's spare ribs,【國宴大師•將軍排骨】好吃到尖叫的將軍排骨！外酥裏嫩味道超贊！二伯帶妳解鎖排骨新吃法！|老飯骨,en,https://www.youtube.com/watch?v=1K495_8FTy8
public_english,2020-05-22,12:02,4-unNNxyOd0,State Banquet Master · Clear-broth lion's-head meatballs,【國宴大師•清燉獅子頭】大爺二伯奉上國宴佳品，淮揚千年名菜，肉酥軟爛，湯清味濃，溫馨如初的小廚房終回歸 |老飯骨,en,https://www.youtube.com/watch?v=4-unNNxyOd0
public_english,2020-05-20,6:27,4r-HsmBhoFE,State Banquet Master · Crucian carp soup,【國宴大師•鯽魚湯】鯽魚湯更奶白更鮮的秘訣！大爺手把手教做家常版鯽魚湯，營養滋補超鮮美！520還不進來吃“狗糧”嗎？！|老飯骨,en,https://www.youtube.com/watch?v=4r-HsmBhoFE
public_english,2020-05-18,5:16,udVWvKrKBa0,State Banquet Master · Stir-fried dough knots,【國宴大師•炒疙瘩】地道老北京麵食，最香是家常，大爺做的不僅是菜，更是家的味道 |老飯骨,en,https://www.youtube.com/watch?v=udVWvKrKBa0
public_english,2020-05-15,11:10,FAH1mCZNRIg,State Banquet Master · Salt-and-pepper pork chops,【國宴大師•椒鹽豬排】外酥裏嫩的椒鹽大豬排「後附宮保雞丁秘訣！」，肉食主義者的最愛！一口下去味兒太棒了！|老飯骨,en,https://www.youtube.com/watch?v=FAH1mCZNRIg
public_english,2020-05-13,12:40,1ZYCZAa30Bc,State Banquet Master · White-fungus steam-pot chicken,【國宴大師•銀耳汽鍋雞】1972年國宴精品大菜重現，湯鮮肉軟，頂級廚師手把手教你家庭版做法，健康又養生！ |老飯骨,en,https://www.youtube.com/watch?v=1ZYCZAa30Bc
public_english,2020-05-11,5:54,iCFTNH4MlAg,State Banquet Master · Er Bo's zhajiangmian,【國宴大師•二伯炸醬面】醬香油潤、家常易學的地道老北京炸醬面！有二伯這秘方，炸醬再也不會寡干！|老飯骨,en,https://www.youtube.com/watch?v=iCFTNH4MlAg
public_english,2020-05-08,10:53,pF0W66WuYFg,State Banquet Master · Breaded shrimp cutlets,【國宴大師•麵包蝦排】裹上雞蛋液，粘上麵包糠，下鍋炸至金黃酥脆，大人小孩都愛吃 (片尾有彩蛋) |老飯骨,en,https://www.youtube.com/watch?v=pF0W66WuYFg
public_english,2020-05-06,6:03,S169ctV_Dvc,State Banquet Master · Grandpa's cold noodles,【國宴大師•大爺涼面】酸、甜、鹹、辣、香的家常怪味涼面！到底有幾個味兒？！夏日必備的開胃小吃！|老飯骨,en,https://www.youtube.com/watch?v=S169ctV_Dvc
public_english,2020-05-04,4:08,uomoUkMCGQQ,State Banquet Master · Dry-pot cauliflower,【國宴大師•干鍋花菜】一個小技巧讓干鍋花菜成為菜花巔峰， 香脆入味，省事兒又好吃 |老飯骨,en,https://www.youtube.com/watch?v=uomoUkMCGQQ
public_english,2020-05-01,6:46,8-p6cq6s8Ts,State Banquet Master · Fried oil cakes,【國宴大師•炸油餅】地道老北京炸油餅，精確配比，一下鍋就能起！大爺專門找老師傅學的配方，在家就能做！|老飯骨,en,https://www.youtube.com/watch?v=8-p6cq6s8Ts
public_english,2020-04-29,10:01,9jGg8lsGlfY,State Banquet Master · Er Bo's fried chicken,【國宴大師•二伯炸雞】國宴級別的神仙炸雞怎麼做？炸雞愛好者千萬別錯過！結尾有大爺專屬答疑時間哦 |老飯骨,en,https://www.youtube.com/watch?v=9jGg8lsGlfY
public_english,2020-04-27,10:10,Rev4LJsvpfo,State Banquet Master · Soft-fried fish strips,【國宴大師•軟炸魚條】調出可以軟炸一切的糊！金黃酥脆，家常易學，恩愛CP又出攤兒了！|老飯骨,en,https://www.youtube.com/watch?v=Rev4LJsvpfo
public_english,2020-04-24,7:58,OHAE8fGxonQ,State Banquet Master · Smoked fish,【国宴大师•熏鱼】二伯秘制熏法传授，简单易上手，学会以后一通百通熏一切 Smoked Fish |老饭骨,en,https://www.youtube.com/watch?v=OHAE8fGxonQ
public_english,2020-04-22,5:45,fUZ3AynK0Wg,State Banquet Master · Youtiao,"【国宴大师•炸油条】家庭版炸油条，蓬松酥脆，奶香味儿十足！健康无矾，超详细配方，一次就能成功！Deep-Fried ""Youtiao"" Dough Strips|老饭骨",en,https://www.youtube.com/watch?v=fUZ3AynK0Wg
public_english,2020-04-20,9:25,ccHSTTEaqoM,State Banquet Master · Hand-eaten pilaf (zhua fan),【国宴大师•手抓饭】超热门新疆餐厅大厨教你做地道手抓羊肉饭，大气又正宗，下饭得很喽！|老饭骨,en,https://www.youtube.com/watch?v=ccHSTTEaqoM
public_english,2020-04-17,6:56,elLmU66TU-A,State Banquet Master · Steamed Wuchang bream,【国宴大师•清蒸武昌鱼】国宴佳肴！二伯传承20多年的古法蒸武昌鱼，极鲜极嫩，倾注了二叔所有心思，为武汉加油！|老饭骨,en,https://www.youtube.com/watch?v=elLmU66TU-A
public_english,2020-04-15,8:42,1iVyvqEiuKU,State Banquet Master · Lamb spine hot pot,【国宴大师•羊蝎子】史上最强酱汤羊蝎子秘方，保姆级教程，手把手教你做软烂脱骨又不膻的羊蝎子 |老饭骨,"en,zh-Hans",https://www.youtube.com/watch?v=1iVyvqEiuKU
public_english,2020-04-13,9:07,fG9boBo9OQg,State Banquet Master · Grandpa's sweet-and-sour shrimp balls,【国宴大师•大爷咕咾虾球】酸甜可口的咕咾虾球，大爷大妈甜蜜互动，家有大厨，就是幸福！Sweet and Sour Shrimp|老饭骨,en,https://www.youtube.com/watch?v=fG9boBo9OQg
public_english,2020-04-10,4:34,sF7-Gj08AB4,State Banquet Master · Steamed chicken wings,【国宴大师•蒸鸡翅】人人都能学会的豆豉辣味蒸鸡翅，快手下饭菜，简单又好吃 |老饭骨,en,https://www.youtube.com/watch?v=sF7-Gj08AB4
public_english,2020-04-06,4:48,SVCxFu7ID1g,State Banquet Master · Private-kitchen eggplant,【国宴大师•私房茄子】全国独一味儿的私房茄子，集老饭骨三人研究之精华，酒香四溢，绝了！|老饭骨,en,https://www.youtube.com/watch?v=SVCxFu7ID1g
public_english,2020-04-03,5:05,WeZDxAtxixA,State Banquet Master · Roast chicken wings,【国宴大师•烤鸡翅】金黄酥脆、汁水四溢、最简单的烤鸡翅来啦！独家秘方，一次就能学会！Crispy Baked Chicken Wings|老饭骨,en,https://www.youtube.com/watch?v=WeZDxAtxixA
public_english,2020-03-30,8:13,8kBl5KVoDYw,State Banquet Master · Er Bo's red-braised pork,【国宴大师•二伯红烧肉】二伯创新版红烧肉，入口即化，晶莹剔透！知识点满满，必须学起来！|老饭骨,en,https://www.youtube.com/watch?v=8kBl5KVoDYw
public_english,2020-03-27,4:19,wnOCSeWBBGo,State Banquet Master · Coral cabbage,【国宴大师•珊瑚白菜】素食主义者看过来！集齐甜辣酸爽脆五种口感的珊瑚白菜，不得不学！|老饭骨,en,https://www.youtube.com/watch?v=wnOCSeWBBGo
public_english,2020-03-25,3:42,6H-2KjVMW9k,State Banquet Master · Flaming drunken lobster,【国宴大师•火焰醉龙虾】酒香虾鲜，这么特别的小龙虾做法你见过吗？三叔奇招火焰醉龙虾，带你解锁小龙虾的新吃法！二伯都馋了！|老饭骨,en,https://www.youtube.com/watch?v=6H-2KjVMW9k
public_english,2020-03-20,4:13,ReVmNjJTT9U,State Banquet Master · Vegetable-juice tofu stew,【国宴大师•蔬菜汁炖豆腐】二伯独创超级养生健康的蔬菜汁炖豆腐！甜鲜松软，蔬菜的营养全在里面了！|老饭骨,en,https://www.youtube.com/watch?v=ReVmNjJTT9U
public_english,2020-03-18,4:04,CvU8cmkxOUA,State Banquet Master · Qianlong cabbage,【国宴大师•乾隆白菜】最正宗的乾隆白菜在此，酸甜爽口，咸香浓郁，厨房小白的第一道拿手菜就是它 |老饭骨,en,https://www.youtube.com/watch?v=CvU8cmkxOUA
public_english,2020-03-16,5:33,eZqg2C8wsoI,State Banquet Master · Dropped eggs in broth,【国宴大师•汆水蛋】有实力火遍全国的汆水蛋，极嫩极鲜、低脂健康，二伯家传秘方大揭秘！ |老饭骨,en,https://www.youtube.com/watch?v=eZqg2C8wsoI
public_english,2020-03-13,4:53,UvNSfrE3LbM,State Banquet Master · Sesame pea mash,【国宴大师•芝麻豌豆蓉】再不学就要失传了！半个世纪前的中式甜品，碧绿如翡翠，香甜可口，细腻丝滑 |老饭骨,en,https://www.youtube.com/watch?v=UvNSfrE3LbM
public_english,2020-03-11,8:45,9EEI9DWwlqs,State Banquet Master · Black-vinegar hairtail rolls,【国宴大师•黑醋带鱼卷】香酥无骨、酸甜可口，咬下去汁水四溢的黑醋带鱼卷要怎么做？老饭骨重聚欢乐多！|老饭骨,en,https://www.youtube.com/watch?v=9EEI9DWwlqs
public_english,2020-03-09,5:31,N2CtbhIhn_s,State Banquet Master · Fermented-tofu yam,【国宴大师•腐乳山药】超简单创意小甜品：用天然色素染个小红“酱豆腐”和山楂小红果，诶嘿，真美！ |老饭骨,en,https://www.youtube.com/watch?v=N2CtbhIhn_s
public_english,2020-03-02,7:56,Dal0VbnlPDM,State Banquet Master · Shrimp-fried eel,【国宴大师•虾爆鳝】增强免疫力就吃它：高营养低脂特色杭帮小糖醋口，鲜美又酸甜，吃了还想吃！|老饭骨,en,https://www.youtube.com/watch?v=Dal0VbnlPDM
public_english,2020-02-24,5:08,tb0h3GJ4ciY,State Banquet Master · Old Beijing zhajiangmian,【国宴大师•老北京炸酱面】老北京小碗儿干炸，吃得出的颗颗分明的肉粒，就是这个味儿，真爽！|老饭骨,en,https://www.youtube.com/watch?v=tb0h3GJ4ciY
public_english,2020-02-21,6:18,CwM_CO_l8Ls,State Banquet Master · Ma doufu,【国宴大师•麻豆腐】越吃越香麻豆腐，老北京人最爱的味儿！绝配雪里蕻，诶嘿，真地道！|老饭骨,en,https://www.youtube.com/watch?v=CwM_CO_l8Ls
public_english,2020-02-19,10:02,mysEwCOC5X4,State Banquet Master · Sweet-and-sour spare ribs,【国宴大师•糖醋排骨】人人都能做的家庭版：为何糖醋排骨离不开蒜？这样做排骨色红味酸甜还香酥！|老饭骨,en,https://www.youtube.com/watch?v=mysEwCOC5X4
public_english,2020-02-17,8:22,OzOG0MFRo4E,State Banquet Master · Old-style kung pao chicken,【国宴大师•老式宫保鸡丁】拍摄更清晰，讲解更清楚的宫保鸡丁来喽，这一次还学不会主动去罚站啦|老饭骨,en,https://www.youtube.com/watch?v=OzOG0MFRo4E
public_english,2020-02-14,10:30,NmG6KB5NQ4o,State Banquet Master · Boneless crispy duck,【国宴大师•去骨香酥鸭】干香酥脆又无骨，老人小孩放心吃！大爷老手法，记忆的葱香味！真不错！|老饭骨,en,https://www.youtube.com/watch?v=NmG6KB5NQ4o
public_english,2020-02-12,7:02,VReHIHL4rj4,State Banquet Master · Yu-xiang crispy shrimp,【国宴大师•鱼香脆皮虾】超简单低成本给面儿大菜，与众不同酥皮虾，皮酥肉嫩有弹性，蘸着吃满口鱼香味！|老饭骨,en,https://www.youtube.com/watch?v=VReHIHL4rj4
public_english,2020-02-10,8:02,xTlNLLaaKh4,State Banquet Master · Three-cup chicken,【國宴大師•三杯雞】經典臺菜大放送，香嫩Q彈三杯雞，黃酒煨鍋邊，香氣飄滿屋！|老飯骨,en,https://www.youtube.com/watch?v=xTlNLLaaKh4
public_english,2020-02-07,8:36,HS8F42VH-ls,State Banquet Master · Noodles in thickened gravy,【国宴大师•打滷面】無敵鮮美打滷麵，非常時期，家的味道給你溫暖|老飯骨,en,https://www.youtube.com/watch?v=HS8F42VH-ls
public_english,2020-02-05,8:02,yd8VrRXh8EQ,State Banquet Master · Old Beijing stir-fried mixed vegetables,【國宴大師•老北京炒合菜】烙個春餅卷來吃，滑嫩爽脆溢韭香，營養美味又強身健體的菜來嘍！|老飯骨,en,https://www.youtube.com/watch?v=yd8VrRXh8EQ
public_english,2020-02-01,10:07,CQLXxubpG6E,LaoFanGu family banquet · Yangzhou dry tofu shreds in broth,【老飯骨家宴•大煮乾絲】國宴主廚手把手教妳做毫無豆腥，鮮香爽口又開胃的淮揚系看家菜|老飯骨,en,https://www.youtube.com/watch?v=CQLXxubpG6E
public_english,2020-01-29,10:15,kBKnBO5DUU8,LaoFanGu family banquet · Prosperity duck,【老饭骨家宴•发财鸭】二伯独创粤菜：香酥軟嫩髮菜鴨，正月初五迎財神，2020健康也发财！|老饭骨,en,https://www.youtube.com/watch?v=kBKnBO5DUU8
public_english,2020-01-27,10:10,PeIY_FTyhIA,LaoFanGu family banquet · Harvest saury,【老飯骨家宴•豐收棒子魚】形如玉米，外焦裏嫩的“榴蓮芒果魚”，廚王爭霸拿獎菜揭秘！|老飯骨,en,https://www.youtube.com/watch?v=PeIY_FTyhIA
public_english,2020-01-25,10:20,S8qoSgpqUeg,LaoFanGu family banquet · Sakura-shrimp oil rice,【老飯骨家宴•櫻花蝦油飯】食神阿寶師教妳獨特臺式櫻花蝦油飯，糯米也能做炒飯？ |老飯骨,"en,zh",https://www.youtube.com/watch?v=S8qoSgpqUeg
public_english,2019-12-20,15:07,yqwE6zO-hUA,State Banquet Master · Kung pao chicken,【国宴大师•宫保鸡丁】川菜一代宗师传承版，超越一切小荔枝口儿酸甜味的宫保鸡丁来喽！|老饭骨,en,https://www.youtube.com/watch?v=yqwE6zO-hUA
public_english,2019-12-18,6:47,xbNYZ8gWWco,State Banquet Master · Garlic-flash beef tongue,【国宴大师•大蒜炝牛舌】吃猪肉不如吃牛舌！国宴主厨教你做肉质细嫩无膻味，口齿留香的大蒜炝牛舌！|老饭骨,en,https://www.youtube.com/watch?v=xbNYZ8gWWco
public_english,2019-12-06,6:44,Q24pqe4X5L4,State Banquet Master · Roast lamb chops,【国宴大师•烤羊排】零失败烤箱烤羊排，外酥里嫩肥不腻，可口多汁散果香！|老饭骨,en,https://www.youtube.com/watch?v=Q24pqe4X5L4
public_english,2019-12-02,5:20,CZjyHCgLQco,State Banquet Master · State-banquet walnut cream,【国宴大师•国宴核桃酪】老北京养生甜品，史上最细腻核桃酪，健脑益智，补血养颜，甜而不燥，软滑鲜香 ！|老饭骨,en,https://www.youtube.com/watch?v=CZjyHCgLQco
public_english,2019-12-01,10:49,B7mGZeQwNHo,State Banquet Master · Chicken tofu pudding,【国宴大师•鸡豆花】是豆花还是鸡肉？吃鸡不见鸡？细腻顺滑，嫩过豆腐脑，绝对营养的国宴菜进家庭喽 |老饭骨,en,https://www.youtube.com/watch?v=B7mGZeQwNHo
public_english,2019-11-27,5:42,CBobkCtVtKU,State Banquet Master · Third Uncle's family dumplings,【国宴大师•三叔家饺子】懒人福音：老北京三鲜韭菜水饺，有滋有味儿，不干不柴，只有最好吃！|老饭骨,"en,zh-Hant",https://www.youtube.com/watch?v=CBobkCtVtKU
public_english,2019-11-25,6:24,QHQB-GNjcLA,State Banquet Master · Golden cabbage rolls,【国宴大师•黄金白菜卷】白菜竟能这样做？外酥里嫩肉雪白，配上芝麻贼了香！冬日点心(Dimsum)来喽! |老饭骨,en,https://www.youtube.com/watch?v=QHQB-GNjcLA
public_english,2019-11-22,8:06,7GGLE9yHHzA,State Banquet Master · Boiled pork slices in chili broth,【国宴大师•水煮肉片】鲜香麻辣，永不过时的川菜！如何做出最嫩的水煮肉片？吃了绝对过瘾！|老饭骨,en,https://www.youtube.com/watch?v=7GGLE9yHHzA
public_english,2019-11-15,11:58,Pn0PyUe5tx8,State Banquet Master · Boiled-water cabbage,【国宴大师•开水白菜】顶级川菜，国宴一绝，形如开水，回味无穷的清口菜，特级厨师教你家庭版做法！|老饭骨,en,https://www.youtube.com/watch?v=Pn0PyUe5tx8
public_english,2019-11-08,6:36,mYhbY1UQ-Zw,State Banquet Master · Mei cai kou rou (pork with preserved mustard),【国宴大师•梅菜扣肉】国宴主厨教你做最正宗梅菜扣肉，中华名家常菜，这样做五花肉最好吃！|老饭骨,en,https://www.youtube.com/watch?v=mYhbY1UQ-Zw
public_english,2019-10-04,5:35,lZlxOoIpm1Q,State Banquet Master · Tomato and egg,【国宴大师•西红柿炒蛋】新手必学，咸甜口的西红柿炒蛋，炒出滑嫩多汁 |老饭骨,en,https://www.youtube.com/watch?v=lZlxOoIpm1Q
public_english,2019-09-25,6:20,C6E0p0cF5NI,State Banquet Master · Sanbuzhan (sweet egg custard),【国宴大师•三不沾】百年传承美味风靡日本，天皇御用的中华宫廷料理，原来也没那么难！|老饭骨,en,https://www.youtube.com/watch?v=C6E0p0cF5NI
public_english,2019-08-16,4:44,u5Ddvkq8qxM,State Banquet Master · Beijing shredded pork (jing jiang rou si),【国宴大师•京酱肉丝】国宴上最受欢迎的京酱肉丝（Shredded Pork with Sweet Bean Sauce），主厨教你这道经典名菜！|老饭骨,en,https://www.youtube.com/watch?v=u5Ddvkq8qxM
member_only,,21:52,bw4qFvc1eCU,LaoFanGu Classroom · Clove crispy duck,【老飯骨學堂•丁香酥鴨】丁香酥鴨地道做法詳解！皮酥肉爛，咸鮮濃鬱，唇齒留香！| 老飯骨,,https://www.youtube.com/watch?v=bw4qFvc1eCU
member_only,,17:14,GocGdeL2ahc,LaoFanGu Classroom · Dry-braised prawns,【老飯骨學堂•乾㸆大蝦】國宴名菜乾㸆大蝦怎麼做？教你處理蝦 & 炒大蝦，鮮甜又鹹嫩！| 老飯骨,,https://www.youtube.com/watch?v=GocGdeL2ahc
member_only,,27:28,rhVwKmnQHik,LaoFanGu Classroom · Knife skill / julienne,【老飯骨學堂•刀工/切絲】用刀技巧&切絲方法！教你把菜切的像頭髮絲一樣細！,,https://www.youtube.com/watch?v=rhVwKmnQHik
member_only,,27:02,jsDifBvIFLo,LaoFanGu Classroom · Shredding and stir-frying pork,【老飯骨學堂•切肉絲/炒肉絲】怎麼切肉絲、炒肉絲？教你做芹菜炒肉絲/銀芽炒里脊絲/青椒炒土豆！,,https://www.youtube.com/watch?v=jsDifBvIFLo
member_only,,34:22,bZeeoBm5pPA,LaoFanGu Classroom · Deboning and slicing fish,【老飯骨學堂•去魚骨&片魚肉】怎樣處理整魚？教你在家去魚骨/片魚肉/炒魚絲！,,https://www.youtube.com/watch?v=bZeeoBm5pPA
member_only,,23:58,qJh0sMuZivs,LaoFanGu Classroom · Velveted pork slices,【老飯骨學堂•滑溜肉片】怎麼把豬肉切成柳葉片？教你溜肉片！鮮香滑嫩，瘦而不柴！,,https://www.youtube.com/watch?v=qJh0sMuZivs
member_only,,23:20,l-SaXhhOTHc,LaoFanGu Classroom · Tomato-sauce beef,【老飯骨學堂•茄汁牛肉】怎麼燉牛肉才不柴？教你做湯汁濃鬱，軟爛鮮嫩的茄汁牛肉！| 老飯骨,,https://www.youtube.com/watch?v=l-SaXhhOTHc
member_only,,23:42,kYgkRNVqnxs,LaoFanGu Classroom · Sauce-fried diced chicken,【老飯骨學堂•醬爆雞丁】怎麼給雞腿剔骨？桃仁怎樣才能炸透？做醬香濃鬱，Q彈嫩滑的醬爆雞丁！| 老飯骨,,https://www.youtube.com/watch?v=kYgkRNVqnxs
member_only,,22:10,7Xf85_7exko,LaoFanGu Classroom · Green-pepper pork flowers,【老飯骨學堂•青椒肉花】怎麼切肉丁/ 切肉花？自製家常版青椒肉花，鮮香下飯！| 老飯骨,,https://www.youtube.com/watch?v=7Xf85_7exko
